Protocollo;Gruppo;DataOraIncidente;Localizzazione1;STRADA1;Localizzazione2;STRADA2;Strada02;Chilometrica;DaSpecificare;NaturaIncidente;particolaritastrade;TipoStrada;FondoStradale;Pavimentazione;Segnaletica;CondizioneAtmosferica;Traffico;Visibilita;Illuminazione;NUM_FERITI;NUM_RISERVATA;NUM_MORTI;NUM_ILLESI;Longitudine;Latitudine;Confermato;Progressivo;TipoVeicolo;StatoVeicolo;TipoPersona;Sesso;Tipolesione;Deceduto;DecedutoDopo;CinturaCascoUtilizzato;Airbag
1828158;12;10/02/2010 15:30;Comunale extraurbana;VIA VINCENZO DIAMARE;all'intersezione con;VIA EDOARDO ZAVATTARI;VIA EDOARDO ZAVATTARI;;;Veicolo in marcia contro ostacolo fisso;Incrocio;Una carreggiata a doppio senso;Bagnato (umidità in atto);Asfaltata;Assente;Nuvoloso;Normale;Buona;Ore Diurne;0;0;0;1;;;-1;1;Autoarticolato;In marcia / fermata / arresto;Conducente;M;Illeso;0;;Esente;Inesistente
1828159;12;10/02/2010 19:35;Strada Urbana;VIALE DELL'ARTE;all'intersezione con;VIALE DELLA PITTURA;VIALE DELLA PITTURA;;;Investimento di pedone;Intersezione stradale segnalata;Una carreggiata a doppio senso;Bagnato (pioggia);Asfaltata;Verticale ed orizzontale;Nuvoloso;Normale;Buona;Sufficiente;1;0;0;4;;;-1;;;;Pedone;M;Rimandato;0;NON DECEDUTO;;
1828159;12;10/02/2010 19:35;Strada Urbana;VIALE DELL'ARTE;all'intersezione con;VIALE DELLA PITTURA;VIALE DELLA PITTURA;;;Investimento di pedone;Intersezione stradale segnalata;Una carreggiata a doppio senso;Bagnato (pioggia);Asfaltata;Verticale ed orizzontale;Nuvoloso;Normale;Buona;Sufficiente;1;0;0;4;;;-1;1;Autovettura privata;In marcia / fermata / arresto;Conducente;M;Illeso;0;;Utilizzato;Inesploso
1828159;12;10/02/2010 19:35;Strada Urbana;VIALE DELL'ARTE;all'intersezione con;VIALE DELLA PITTURA;VIALE DELLA PITTURA;;;Investimento di pedone;Intersezione stradale segnalata;Una carreggiata a doppio senso;Bagnato (pioggia);Asfaltata;Verticale ed orizzontale;Nuvoloso;Normale;Buona;Sufficiente;1;0;0;4;;;-1;1;Autovettura privata;In marcia / fermata / arresto;Passeggero;M;Illeso;0;;Utilizzato;Inesploso
1828159;12;10/02/2010 19:35;Strada Urbana;VIALE DELL'ARTE;all'intersezione con;VIALE DELLA PITTURA;VIALE DELLA PITTURA;;;Investimento di pedone;Intersezione stradale segnalata;Una carreggiata a doppio senso;Bagnato (pioggia);Asfaltata;Verticale ed orizzontale;Nuvoloso;Normale;Buona;Sufficiente;1;0;0;4;;;-1;1;Autovettura privata;In marcia / fermata / arresto;Passeggero;F;Illeso;0;;Utilizzato;Inesploso
1828159;12;10/02/2010 19:35;Strada Urbana;VIALE DELL'ARTE;all'intersezione con;VIALE DELLA PITTURA;VIALE DELLA PITTURA;;;Investimento di pedone;Intersezione stradale segnalata;Una carreggiata a doppio senso;Bagnato (pioggia);Asfaltata;Verticale ed orizzontale;Nuvoloso;Normale;Buona;Sufficiente;1;0;0;4;;;-1;1;Autovettura privata;In marcia / fermata / arresto;Passeggero;F;Illeso;0;;Utilizzato;Inesistente
1828160;12;10/02/2010 22:30;Strada Urbana;VIA DI ACQUA ACETOSA OSTIENSE;da specificare;;;;sottopasso C.COLOMBO - DECIMA;Veicolo in marcia contro ostacolo accidentale;Rettilineo;Una carreggiata a senso unico di marcia;Bagnato (umidità in atto);Asfaltata;Verticale ed orizzontale;Nuvoloso;Scarso;Insufficiente;Inesistente;0;0;0;1;;;-1;1;Autovettura privata;In marcia / fermata / arresto;Conducente;M;Illeso;0;;Utilizzato;Inesistente
1828161;12;10/02/2010 22:40;Strada Urbana;VIA DI ACQUA ACETOSA OSTIENSE;da specificare;;;;sottovia C. Colombo;Veicolo in marcia contro ostacolo accidentale;Rettilineo;Una carreggiata a senso unico di marcia;Bagnato (umidità in atto);Con buche;Verticale ed orizzontale;Nuvoloso;Normale;Insufficiente;Inesistente;0;0;0;1;;;-1;1;Autovettura privata;In marcia / fermata / arresto;Conducente;M;Illeso;0;;Utilizzato;Inesploso
1828162;12;10/02/2010 22:40;Strada Urbana;VIA DI ACQUA ACETOSA OSTIENSE;da specificare;;;;sottovia C. Colombo direzione Decima;Veicolo in marcia contro ostacolo accidentale;Rettilineo;Una carreggiata a senso unico di marcia;Bagnato (umidità in atto);Con buche;Verticale ed orizzontale;Nuvoloso;Scarso;Insufficiente;Inesistente;0;0;0;1;;;-1;1;Autovettura privata;In marcia / fermata / arresto;Conducente;M;Illeso;0;;Utilizzato;Inesploso
1828163;12;11/02/2010 01:10;Strada Urbana;VIALE DELL'OCEANO ATLANTICO;in corrispondenza;;del civico n. ;263;;Scontro laterale fra veicoli in marcia;Rettilineo;Due carreggiate;Bagnato (umidità in atto);Asfaltata;Verticale ed orizzontale;Sereno;Scarso;Buona;Sufficiente;1;0;0;1;;;-1;1;Autocarro inferiore 35 q.;In marcia / fermata / arresto;Conducente;M;Illeso;0;;Non accertato;Inesistente
1828163;12;11/02/2010 01:10;Strada Urbana;VIALE DELL'OCEANO ATLANTICO;in corrispondenza;;del civico n. ;263;;Scontro laterale fra veicoli in marcia;Rettilineo;Due carreggiate;Bagnato (umidità in atto);Asfaltata;Verticale ed orizzontale;Sereno;Scarso;Buona;Sufficiente;1;0;0;1;;;-1;2;Autovettura privata;In marcia / fermata / arresto;Conducente;M;Rimandato;0;NON DECEDUTO;Utilizzato;Inesistente
1828164;12;11/02/2010 06:05;Provinciale;VIA ARDEATINA;da specificare;;;;prox km 11.400 direz. S.Palomba;Fuoriuscita dalla sede stradale;Rettilineo;Una carreggiata a doppio senso;Bagnato (pioggia);Asfaltata;Verticale ed orizzontale;Pioggia in atto;Normale;Sufficiente;Sufficiente;0;0;0;1;;;-1;1;Autovettura privata;In marcia / fermata / arresto;Conducente;M;Illeso;0;;Non accertato;Inesistente
1828165;12;11/02/2010 06:05;Provinciale;VIA ARDEATINA;da specificare;;;;prox Km 11.400 direz. S.Palomba;Ribaltamento senza urto contro ostacolo fisso;Rettilineo;Una carreggiata a doppio senso;Bagnato (pioggia);Asfaltata;Verticale ed orizzontale;Pioggia in atto;Normale;Sufficiente;Sufficiente;0;0;0;1;;;-1;1;Autovettura privata;In marcia / fermata / arresto;Conducente;M;Illeso;0;;Utilizzato;Inesistente
1828166;12;11/02/2010 08:45;Strada Urbana;VIA DI CASTEL DI LEVA;in corrispondenza;;del civico n. ;258;;Scontro frontale/laterale DX fra veicoli in marcia;Rettilineo;Una carreggiata a doppio senso;Bagnato (pioggia);Asfaltata;Verticale ed orizzontale;Nuvoloso;Intenso;Buona;Ore Diurne;2;0;0;1;;;-1;1;Autovettura privata;In marcia / fermata / arresto;Conducente;M;Rimandato;0;NON DECEDUTO;Utilizzato;Inesploso
1828166;12;11/02/2010 08:45;Strada Urbana;VIA DI CASTEL DI LEVA;in corrispondenza;;del civico n. ;258;;Scontro frontale/laterale DX fra veicoli in marcia;Rettilineo;Una carreggiata a doppio senso;Bagnato (pioggia);Asfaltata;Verticale ed orizzontale;Nuvoloso;Intenso;Buona;Ore Diurne;2;0;0;1;;;-1;2;Autovettura privata;In marcia / fermata / arresto;Conducente;M;Rimandato;0;NON DECEDUTO;Utilizzato;Inesistente
1828166;12;11/02/2010 08:45;Strada Urbana;VIA DI CASTEL DI LEVA;in corrispondenza;;del civico n. ;258;;Scontro frontale/laterale DX fra veicoli in marcia;Rettilineo;Una carreggiata a doppio senso;Bagnato (pioggia);Asfaltata;Verticale ed orizzontale;Nuvoloso;Intenso;Buona;Ore Diurne;2;0;0;1;;;-1;3;Autovettura privata;In marcia / fermata / arresto;Conducente;M;Illeso;0;;Utilizzato;Esploso
1828167;12;11/02/2010 11:00;Strada Urbana;VIA DI TOR PAGNOTTA;da specificare;;;;fronte civico 341;Veicolo in marcia contro ostacolo accidentale;Rettilineo;Una carreggiata a doppio senso;Bagnato (pioggia);Asfaltata;Verticale ed orizzontale;Nuvoloso;Scarso;Buona;Ore Diurne;0;0;0;2;;;-1;1;Autovettura privata;In marcia / fermata / arresto;Conducente;M;Illeso;0;;Utilizzato;Inesploso
1828167;12;11/02/2010 11:00;Strada Urbana;VIA DI TOR PAGNOTTA;da specificare;;;;fronte civico 341;Veicolo in marcia contro ostacolo accidentale;Rettilineo;Una carreggiata a doppio senso;Bagnato (pioggia);Asfaltata;Verticale ed orizzontale;Nuvoloso;Scarso;Buona;Ore Diurne;0;0;0;2;;;-1;1;Autovettura privata;In marcia / fermata / arresto;Passeggero;M;Illeso;0;;Utilizzato;Inesploso
1828168;12;11/02/2010 14:00;Strada Urbana;VIALE DELL'OCEANO PACIFICO;all'intersezione semaforizzata con;VIALE GIORGIO RIBOTTA;VIALE GIORGIO RIBOTTA;;;Tamponamento;Intersezione semaforizzata;Una carreggiata a doppio senso;Asciutto;Asfaltata;Verticale ed orizzontale;Nuvoloso;Normale;Buona;Ore Diurne;0;0;0;1;;;-1;1;Autovettura privata;In marcia / fermata / arresto;Conducente;M;Illeso;0;;Utilizzato;Inesploso
1828169;12;11/02/2010 14:55;Strada Urbana;VIA DI CASTEL DI LEVA;all'intersezione con;VIA ERNESTO PARISI;VIA ERNESTO PARISI;;;Scontro laterale fra veicoli in marcia;Incrocio;Una carreggiata a doppio senso;Asciutto;Asfaltata;Verticale ed orizzontale;Nuvoloso;Normale;Buona;Ore Diurne;0;0;0;2;;;-1;1;Autovettura privata;In marcia / fermata / arresto;Conducente;F;Illeso;0;;Utilizzato;Inesploso
1828169;12;11/02/2010 14:55;Strada Urbana;VIA DI CASTEL DI LEVA;all'intersezione con;VIA ERNESTO PARISI;VIA ERNESTO PARISI;;;Scontro laterale fra veicoli in marcia;Incrocio;Una carreggiata a doppio senso;Asciutto;Asfaltata;Verticale ed orizzontale;Nuvoloso;Normale;Buona;Ore Diurne;0;0;0;2;;;-1;2;Autovettura privata;In marcia / fermata / arresto;Conducente;M;Illeso;0;;Utilizzato;Inesploso
1828170;12;11/02/2010 16:15;Strada Urbana;VIALE EGEO;in prossimità;;del civico n. ;45;;Scontro laterale fra veicoli in marcia;Curva a visuale libera;Una carreggiata a doppio senso;Asciutto;Asfaltata;Verticale ed orizzontale;Nuvoloso;Normale;Buona;Ore Diurne;1;0;0;1;;;-1;1;Autovettura privata;In marcia / fermata / arresto;Conducente;M;Illeso;0;;Utilizzato;Inesistente
1828170;12;11/02/2010 16:15;Strada Urbana;VIALE EGEO;in prossimità;;del civico n. ;45;;Scontro laterale fra veicoli in marcia;Curva a visuale libera;Una carreggiata a doppio senso;Asciutto;Asfaltata;Verticale ed orizzontale;Nuvoloso;Normale;Buona;Ore Diurne;1;0;0;1;;;-1;2;Motociclo a solo;In marcia / fermata / arresto;Conducente;M;Ricoverato;0;NON DECEDUTO;Utilizzato;Inesistente
1828172;12;12/02/2010 00:15;Strada Urbana;VIADOTTO DELLA MAGLIANA;da specificare;;;;direzione Fiumicino altezza cavalcavia Via Colombo;Veicolo in marcia contro ostacolo accidentale;Rettilineo;Due carreggiate;Asciutto;Con buche;Orizzontale;Nuvoloso;Normale;Buona;Sufficiente;0;0;0;1;;;-1;1;Autovettura privata;In marcia / fermata / arresto;Conducente;M;Illeso;0;;Utilizzato;Inesistente
1828173;13;11/02/2010 07:00;Strada Urbana;VIA DI CASTEL FUSANO;da specificare;;;;PROSSIMITA VIA AGOSTINO CHIGI ;Scontro frontale fra veicoli in marcia;Rettilineo;Una carreggiata a doppio senso;Bagnato (pioggia);Con buche;Orizzontale;Nuvoloso;Intenso;Buona;Ore Diurne;0;0;0;1;;;-1;1;Autovettura privata;In marcia / fermata / arresto;Conducente;M;Illeso;0;;Non accertato;Inesploso
1828174;13;11/02/2010 07:15;Provinciale;VIA LITORANEA;in prossimità;;della chilometrica ;3,1;;Veicolo in marcia contro ostacolo fisso;Rettilineo;Una carreggiata a doppio senso;Bagnato (umidità in atto);Asfaltata;Verticale ed orizzontale;Nuvoloso;Normale;Buona;Ore Diurne;0;0;0;1;;;-1;1;Autovettura privata;In marcia / fermata / arresto;Conducente;M;Illeso;0;;Non accertato;Inesistente
1828175;13;11/02/2010 12:15;Strada Urbana;VIA DEI BASALDELLA;all'intersezione con;VIA ETTORE COLLA;VIA ETTORE COLLA;;;Veicolo in marcia contro ostacolo accidentale;Incrocio;Una carreggiata a senso unico di marcia;Asciutto;Asfaltata;Verticale;Sereno;Scarso;Buona;Ore Diurne;0;0;0;1;;;-1;1;Autovettura privata;In marcia / fermata / arresto;Conducente;M;Illeso;0;;Non accertato;Inesploso
1828176;13;11/02/2010 12:45;Strada Urbana;VIA DEI VELIERI;in prossimità;;del civico n. ;83;;Scontro laterale fra veicoli in marcia;Rettilineo;Due carreggiate;Bagnato (umidità in atto);Asfaltata;Orizzontale;Nuvoloso;Normale;Buona;Ore Diurne;1;0;0;1;;;-1;1;Motociclo a solo;In marcia / fermata / arresto;Conducente;M;Ricoverato;0;NON DECEDUTO;Utilizzato;Inesistente
1828176;13;11/02/2010 12:45;Strada Urbana;VIA DEI VELIERI;in prossimità;;del civico n. ;83;;Scontro laterale fra veicoli in marcia;Rettilineo;Due carreggiate;Bagnato (umidità in atto);Asfaltata;Orizzontale;Nuvoloso;Normale;Buona;Ore Diurne;1;0;0;1;;;-1;2;Autovettura privata;In marcia / fermata / arresto;Conducente;F;Illeso;0;;Non accertato;Inesploso
1828177;13;11/02/2010 16:00;Strada Urbana;VIA DI MACCHIA PALOCCO;in prossimità;;del civico n. ;184;;Veicolo in marcia contro veicolo in sosta;Rettilineo;Una carreggiata a doppio senso;Asciutto;Asfaltata;Orizzontale;Nuvoloso;Normale;Buona;Ore Diurne;0;0;0;1;;;-1;2;Autovettura privata;In marcia / fermata / arresto;Conducente;M;Illeso;0;;Non accertato;Inesistente
1828178;13;11/02/2010 16:15;Strada Urbana;VIA LIDO DI CASTEL PORZIANO;da specificare;;;;A CIRCA  1 KM. DA VIA LITORANEA ;Veicolo in marcia contro ostacolo accidentale;Rettilineo;Una carreggiata a doppio senso;Asciutto;Asfaltata;Verticale ed orizzontale;Nuvoloso;Scarso;Buona;Ore Diurne;0;0;0;3;;;-1;1;Autovettura privata;In marcia / fermata / arresto;Passeggero;M;Illeso;0;;Non accertato;Inesistente
1828178;13;11/02/2010 16:15;Strada Urbana;VIA LIDO DI CASTEL PORZIANO;da specificare;;;;A CIRCA  1 KM. DA VIA LITORANEA ;Veicolo in marcia contro ostacolo accidentale;Rettilineo;Una carreggiata a doppio senso;Asciutto;Asfaltata;Verticale ed orizzontale;Nuvoloso;Scarso;Buona;Ore Diurne;0;0;0;3;;;-1;1;Autovettura privata;In marcia / fermata / arresto;Conducente;M;Illeso;0;;Non accertato;Inesistente
1828178;13;11/02/2010 16:15;Strada Urbana;VIA LIDO DI CASTEL PORZIANO;da specificare;;;;A CIRCA  1 KM. DA VIA LITORANEA ;Veicolo in marcia contro ostacolo accidentale;Rettilineo;Una carreggiata a doppio senso;Asciutto;Asfaltata;Verticale ed orizzontale;Nuvoloso;Scarso;Buona;Ore Diurne;0;0;0;3;;;-1;1;Autovettura privata;In marcia / fermata / arresto;Passeggero;M;Illeso;0;;Non accertato;Inesistente
1828179;13;11/02/2010 18:00;Provinciale;VIA DEL MARE;all'intersezione semaforizzata con;VIA DI CASTEL FUSANO;VIA DI CASTEL FUSANO;;;Tamponamento;Intersezione semaforizzata;Una carreggiata a doppio senso;Asciutto;Asfaltata;Verticale ed orizzontale;Nuvoloso;Intenso;Buona;Sufficiente;1;0;0;2;;;-1;1;Autovettura privata;In marcia / fermata / arresto;Conducente;M;Illeso;0;;Non accertato;Inesploso
1828179;13;11/02/2010 18:00;Provinciale;VIA DEL MARE;all'intersezione semaforizzata con;VIA DI CASTEL FUSANO;VIA DI CASTEL FUSANO;;;Tamponamento;Intersezione semaforizzata;Una carreggiata a doppio senso;Asciutto;Asfaltata;Verticale ed orizzontale;Nuvoloso;Intenso;Buona;Sufficiente;1;0;0;2;;;-1;1;Autovettura privata;In marcia / fermata / arresto;Passeggero;M;Rimandato;0;NON DECEDUTO;Utilizzato;Inesploso
1828179;13;11/02/2010 18:00;Provinciale;VIA DEL MARE;all'intersezione semaforizzata con;VIA DI CASTEL FUSANO;VIA DI CASTEL FUSANO;;;Tamponamento;Intersezione semaforizzata;Una carreggiata a doppio senso;Asciutto;Asfaltata;Verticale ed orizzontale;Nuvoloso;Intenso;Buona;Sufficiente;1;0;0;2;;;-1;2;Autovettura privata;In marcia / fermata / arresto;Conducente;M;Illeso;0;;Non accertato;Inesploso
1828180;15;11/02/2010 06:05;Strada Urbana;VIA PORTUENSE;all'intersezione con;VICOLO DEGLI ORTI PORTUENSI;VICOLO DEGLI ORTI PORTUENSI;;;Scontro frontale fra veicoli in marcia;Incrocio;Una carreggiata a doppio senso;Bagnato (pioggia);Asfaltata;Verticale ed orizzontale;Pioggia in atto;Normale;Buona;Ore Diurne;1;0;0;1;;;-1;1;Motociclo a solo;In marcia / fermata / arresto;Conducente;M;Rimandato;0;NON DECEDUTO;Utilizzato;Inesistente
1828180;15;11/02/2010 06:05;Strada Urbana;VIA PORTUENSE;all'intersezione con;VICOLO DEGLI ORTI PORTUENSI;VICOLO DEGLI ORTI PORTUENSI;;;Scontro frontale fra veicoli in marcia;Incrocio;Una carreggiata a doppio senso;Bagnato (pioggia);Asfaltata;Verticale ed orizzontale;Pioggia in atto;Normale;Buona;Ore Diurne;1;0;0;1;;;-1;2;Autovettura privata;In marcia / fermata / arresto;Conducente;F;Illeso;0;;Utilizzato;Inesistente
1828181;15;11/02/2010 11:20;Strada Urbana;VIA DEL TRULLO;all'intersezione con;VIA CAMPAGNANO;VIA CAMPAGNANO;;;Scontro frontale/laterale DX fra veicoli in marcia;Incrocio;Due carreggiate;Bagnato (pioggia);Asfaltata;Orizzontale;Pioggia in atto;Normale;Buona;Ore Diurne;2;0;0;1;;;-1;1;Autovettura privata;In marcia / fermata / arresto;Conducente;F;Illeso;0;;Utilizzato;Inesistente
1828181;15;11/02/2010 11:20;Strada Urbana;VIA DEL TRULLO;all'intersezione con;VIA CAMPAGNANO;VIA CAMPAGNANO;;;Scontro frontale/laterale DX fra veicoli in marcia;Incrocio;Due carreggiate;Bagnato (pioggia);Asfaltata;Orizzontale;Pioggia in atto;Normale;Buona;Ore Diurne;2;0;0;1;;;-1;1;Autovettura privata;In marcia / fermata / arresto;Passeggero;F;Rimandato;0;NON DECEDUTO;Utilizzato;Inesistente
1828181;15;11/02/2010 11:20;Strada Urbana;VIA DEL TRULLO;all'intersezione con;VIA CAMPAGNANO;VIA CAMPAGNANO;;;Scontro frontale/laterale DX fra veicoli in marcia;Incrocio;Due carreggiate;Bagnato (pioggia);Asfaltata;Orizzontale;Pioggia in atto;Normale;Buona;Ore Diurne;2;0;0;1;;;-1;2;Motociclo a solo;In marcia / fermata / arresto;Conducente;F;Rimandato;0;NON DECEDUTO;Utilizzato;Inesistente
1828182;15;11/02/2010 12:15;Strada Urbana;VIALE DI PESCINA GAGLIARDA;in prossimità;;del civico n. ;25;;Fuoriuscita dalla sede stradale;Rettilineo;Una carreggiata a doppio senso;Bagnato (pioggia);Asfaltata;Orizzontale;Pioggia in atto;Scarso;Buona;Ore Diurne;1;0;0;0;;;-1;1;Autovettura privata;In marcia / fermata / arresto;Conducente;M;Rimandato;0;NON DECEDUTO;Non accertato;Inesploso
1828186;18;10/02/2010 13:20;Comunale extraurbana;VIA AURELIA;da specificare;;;;rampa immissione da GRA direzione Roma centro;Veicolo in marcia contro ostacolo fisso;Cavalcavia;Due carreggiate;Bagnato (pioggia);Asfaltata;Verticale ed orizzontale;Pioggia in atto;Intenso;Buona;Ore Diurne;0;0;0;1;;;-1;1;Autovettura privata;In marcia / fermata / arresto;Conducente;M;Illeso;0;;Non accertato;Inesploso
1828187;18;11/02/2010 12:20;Strada Urbana;VIA DELLA MAGLIANELLA;in prossimità;;del civico n. ;223;;Scontro frontale/laterale SX fra veicoli in marcia;Rettilineo;Una carreggiata a doppio senso;Bagnato (pioggia);Asfaltata;Verticale ed orizzontale;Pioggia in atto;Normale;Buona;Ore Diurne;0;0;0;2;;;-1;1;Autovettura privata;In marcia / fermata / arresto;Conducente;M;Illeso;0;;Non accertato;Inesistente
1828187;18;11/02/2010 12:20;Strada Urbana;VIA DELLA MAGLIANELLA;in prossimità;;del civico n. ;223;;Scontro frontale/laterale SX fra veicoli in marcia;Rettilineo;Una carreggiata a doppio senso;Bagnato (pioggia);Asfaltata;Verticale ed orizzontale;Pioggia in atto;Normale;Buona;Ore Diurne;0;0;0;2;;;-1;2;Autovettura privata;In marcia / fermata / arresto;Conducente;M;Illeso;0;;Non accertato;Inesploso
1828188;18;11/02/2010 18:30;Strada Urbana;CIRCONVALLAZIONE CORNELIA;in corrispondenza;;del civico n. ;8;;Tamponamento Multiplo;Rettilineo;Due carreggiate;Asciutto;Asfaltata;Orizzontale;Nuvoloso;Normale;Buona;Sufficiente;0;0;0;4;;;-1;1;Autovettura privata;In marcia / fermata / arresto;Conducente;F;Illeso;0;;Non accertato;Inesistente
1828188;18;11/02/2010 18:30;Strada Urbana;CIRCONVALLAZIONE CORNELIA;in corrispondenza;;del civico n. ;8;;Tamponamento Multiplo;Rettilineo;Due carreggiate;Asciutto;Asfaltata;Orizzontale;Nuvoloso;Normale;Buona;Sufficiente;0;0;0;4;;;-1;2;Autovettura privata;In marcia / fermata / arresto;Conducente;M;Illeso;0;;Non accertato;Inesploso
1828188;18;11/02/2010 18:30;Strada Urbana;CIRCONVALLAZIONE CORNELIA;in corrispondenza;;del civico n. ;8;;Tamponamento Multiplo;Rettilineo;Due carreggiate;Asciutto;Asfaltata;Orizzontale;Nuvoloso;Normale;Buona;Sufficiente;0;0;0;4;;;-1;2;Autovettura privata;In marcia / fermata / arresto;Passeggero;M;Illeso;0;;Non accertato;Inesistente
1828188;18;11/02/2010 18:30;Strada Urbana;CIRCONVALLAZIONE CORNELIA;in corrispondenza;;del civico n. ;8;;Tamponamento Multiplo;Rettilineo;Due carreggiate;Asciutto;Asfaltata;Orizzontale;Nuvoloso;Normale;Buona;Sufficiente;0;0;0;4;;;-1;3;Autovettura privata;In marcia / fermata / arresto;Conducente;F;Illeso;0;;Non accertato;Inesistente
1828189;19;11/02/2010 16:30;Strada Urbana;VIA TRIONFALE;all'intersezione con;VIA CARLO PIANCASTELLI;VIA CARLO PIANCASTELLI;;;Scontro laterale fra veicoli in marcia;Incrocio;Una carreggiata a doppio senso;Asciutto;Asfaltata;Verticale ed orizzontale;Nuvoloso;Normale;Buona;Ore Diurne;1;0;0;2;;;-1;1;Autovettura privata;In marcia / fermata / arresto;Conducente;F;Illeso;0;;Non accertato;Inesploso
1828189;19;11/02/2010 16:30;Strada Urbana;VIA TRIONFALE;all'intersezione con;VIA CARLO PIANCASTELLI;VIA CARLO PIANCASTELLI;;;Scontro laterale fra veicoli in marcia;Incrocio;Una carreggiata a doppio senso;Asciutto;Asfaltata;Verticale ed orizzontale;Nuvoloso;Normale;Buona;Ore Diurne;1;0;0;2;;;-1;2;Autovettura privata;In marcia / fermata / arresto;Conducente;M;Illeso;0;;Non accertato;Inesploso
1828189;19;11/02/2010 16:30;Strada Urbana;VIA TRIONFALE;all'intersezione con;VIA CARLO PIANCASTELLI;VIA CARLO PIANCASTELLI;;;Scontro laterale fra veicoli in marcia;Incrocio;Una carreggiata a doppio senso;Asciutto;Asfaltata;Verticale ed orizzontale;Nuvoloso;Normale;Buona;Ore Diurne;1;0;0;2;;;-1;3;Motociclo a solo;In marcia / fermata / arresto;Conducente;M;Rimandato;0;NON DECEDUTO;Non accertato;Inesistente
1828190;2;10/02/2010 08:00;Strada Urbana;SOTTOVIA IGNAZIO GUIDI;da specificare;;;;alt. svincolo Nomentana;Infortunio per sola frenata improvvisa;Rettilineo;Una carreggiata a senso unico di marcia;Bagnato (umidità in atto);Asfaltata;Orizzontale;Pioggia in atto;Normale;Buona;Ore Diurne;0;0;0;2;;;-1;1;Motociclo con passeggero;In marcia / fermata / arresto;Conducente;M;Illeso;0;;Non accertato;Inesistente
1828190;2;10/02/2010 08:00;Strada Urbana;SOTTOVIA IGNAZIO GUIDI;da specificare;;;;alt. svincolo Nomentana;Infortunio per sola frenata improvvisa;Rettilineo;Una carreggiata a senso unico di marcia;Bagnato (umidità in atto);Asfaltata;Orizzontale;Pioggia in atto;Normale;Buona;Ore Diurne;0;0;0;2;;;-1;2;Autovettura privata;In marcia / fermata / arresto;Conducente;F;Illeso;0;;Non accertato;Inesistente
1828191;2;10/02/2010 14:50;Strada Urbana;PIAZZALE ANKARA;da specificare;;;;in prossimità di viale Maresciallo Pilsudski;Veicolo in marcia contro veicolo in sosta;Curva a visuale libera;Una carreggiata a senso unico di marcia;Bagnato (pioggia);Asfaltata;Verticale ed orizzontale;Pioggia in atto;Scarso;Buona;Ore Diurne;0;0;0;1;;;-1;1;Autoarticolato;In marcia / fermata / arresto;Conducente;M;Illeso;0;;Non accertato;Inesistente
1828192;2;10/02/2010 15:10;Strada Urbana;VIA MOGADISCIO;in prossimità;;del civico n. ;8;;Scontro frontale/laterale DX fra veicoli in marcia;Rettilineo;Una carreggiata a senso unico di marcia;Bagnato (pioggia);Asfaltata;Verticale ed orizzontale;Pioggia in atto;Scarso;Buona;Ore Diurne;1;0;0;1;;;-1;1;Autovettura privata;In marcia / fermata / arresto;Conducente;M;Rimandato;0;NON DECEDUTO;Non accertato;Inesistente
1828192;2;10/02/2010 15:10;Strada Urbana;VIA MOGADISCIO;in prossimità;;del civico n. ;8;;Scontro frontale/laterale DX fra veicoli in marcia;Rettilineo;Una carreggiata a senso unico di marcia;Bagnato (pioggia);Asfaltata;Verticale ed orizzontale;Pioggia in atto;Scarso;Buona;Ore Diurne;1;0;0;1;;;-1;2;Autovettura privata;In marcia / fermata / arresto;Conducente;F;Illeso;0;;Non accertato;Inesistente
1828193;2;10/02/2010 17:50;Strada Urbana;VIA CAVRIGLIA;in corrispondenza;;del civico n. ;28;;Infortunio per caduta del veicolo;Rettilineo;Una carreggiata a doppio senso;Asciutto;Asfaltata;Orizzontale;Nuvoloso;Normale;Sufficiente;Sufficiente;1;0;0;0;;;-1;1;Motociclo a solo;In marcia / fermata / arresto;Conducente;M;Ricoverato;0;NON DECEDUTO;Non accertato;Inesistente
1828194;2;11/02/2010 09:20;Strada Urbana;PIAZZA DI PRISCILLA;all'intersezione con;VIA DI PRISCILLA;VIA DI PRISCILLA;;;Scontro frontale/laterale SX fra veicoli in marcia;Incrocio;Una carreggiata a doppio senso;Bagnato (pioggia);Asfaltata;Verticale ed orizzontale;Nuvoloso;Normale;Buona;Ore Diurne;1;0;0;1;;;-1;1;Motociclo a solo;In marcia / fermata / arresto;Conducente;F;Rimandato;0;NON DECEDUTO;Non accertato;Inesistente
1828194;2;11/02/2010 09:20;Strada Urbana;PIAZZA DI PRISCILLA;all'intersezione con;VIA DI PRISCILLA;VIA DI PRISCILLA;;;Scontro frontale/laterale SX fra veicoli in marcia;Incrocio;Una carreggiata a doppio senso;Bagnato (pioggia);Asfaltata;Verticale ed orizzontale;Nuvoloso;Normale;Buona;Ore Diurne;1;0;0;1;;;-1;2;Autovettura privata;In marcia / fermata / arresto;Conducente;F;Illeso;0;;Non accertato;Inesistente
1828195;2;11/02/2010 14:00;Strada Urbana;LUNGOTEVERE SALVO D'ACQUISTO;all'intersezione con;PIAZZALE CARDINAL CONSALVI;PIAZZALE CARDINAL CONSALVI;;;Scontro frontale/laterale DX fra veicoli in marcia;Incrocio;Una carreggiata a doppio senso;Asciutto;Asfaltata;Orizzontale;Nuvoloso;Normale;Buona;Ore Diurne;0;0;0;2;;;-1;1;Autovettura privata;In marcia / fermata / arresto;Conducente;M;Illeso;0;;Non accertato;Inesistente