Protocollo;Gruppo;DataOraIncidente;Localizzazione1;STRADA1;Localizzazione2;STRADA2;Strada02;Chilometrica;DaSpecificare;NaturaIncidente;particolaritastrade;TipoStrada;FondoStradale;Pavimentazione;Segnaletica;CondizioneAtmosferica;Traffico;Visibilita;Illuminazione;NUM_FERITI;NUM_RISERVATA;NUM_MORTI;NUM_ILLESI;Longitudine;Latitudine;Confermato;Progressivo;TipoVeicolo;StatoVeicolo;TipoPersona;Sesso;Tipolesione;Deceduto;DecedutoDopo;CinturaCascoUtilizzato;Airbag
1828323;1;05/02/2010 18:30;Strada Urbana;VIA DEL TRAFORO;da specificare;;;;.;Veicolo in marcia contro ostacolo accidentale;Galleria illuminata;Una carreggiata a doppio senso;Viscido da liquidi oleosi;Acciotolata;Orizzontale;Pioggia in atto;Normale;Buona;Sufficiente;0;0;0;1;;;-1;1;Motociclo a solo;In marcia / fermata / arresto;Conducente;M;Illeso;0;;Non accertato;Inesistente
1828324;1;08/02/2010 11:15;Strada Urbana;PIAZZA DELL'INDIPENDENZA;all'intersezione con;VIA SOLFERINO;VIA SOLFERINO;;;Infortunio per sola frenata improvvisa;Rotatoria;Una carreggiata a doppio senso;Asciutto;Asfaltata;Verticale ed orizzontale;Nuvoloso;Intenso;Buona;Ore Diurne;3;0;0;2;;;-1;1;Autobus di linea;In marcia / fermata / arresto;Passeggero;F;Rifiuta cure immediate;0;NON DECEDUTO;Esente;Inesistente
1828324;1;08/02/2010 11:15;Strada Urbana;PIAZZA DELL'INDIPENDENZA;all'intersezione con;VIA SOLFERINO;VIA SOLFERINO;;;Infortunio per sola frenata improvvisa;Rotatoria;Una carreggiata a doppio senso;Asciutto;Asfaltata;Verticale ed orizzontale;Nuvoloso;Intenso;Buona;Ore Diurne;3;0;0;2;;;-1;1;Autobus di linea;In marcia / fermata / arresto;Conducente;M;Illeso;0;;Esente;Inesistente
1828324;1;08/02/2010 11:15;Strada Urbana;PIAZZA DELL'INDIPENDENZA;all'intersezione con;VIA SOLFERINO;VIA SOLFERINO;;;Infortunio per sola frenata improvvisa;Rotatoria;Una carreggiata a doppio senso;Asciutto;Asfaltata;Verticale ed orizzontale;Nuvoloso;Intenso;Buona;Ore Diurne;3;0;0;2;;;-1;1;Autobus di linea;In marcia / fermata / arresto;Passeggero;F;Rimandato;0;NON DECEDUTO;Esente;Inesistente
1828324;1;08/02/2010 11:15;Strada Urbana;PIAZZA DELL'INDIPENDENZA;all'intersezione con;VIA SOLFERINO;VIA SOLFERINO;;;Infortunio per sola frenata improvvisa;Rotatoria;Una carreggiata a doppio senso;Asciutto;Asfaltata;Verticale ed orizzontale;Nuvoloso;Intenso;Buona;Ore Diurne;3;0;0;2;;;-1;1;Autobus di linea;In marcia / fermata / arresto;Passeggero;F;Ricoverato;0;NON DECEDUTO;Non utilizzato;Inesistente
1828324;1;08/02/2010 11:15;Strada Urbana;PIAZZA DELL'INDIPENDENZA;all'intersezione con;VIA SOLFERINO;VIA SOLFERINO;;;Infortunio per sola frenata improvvisa;Rotatoria;Una carreggiata a doppio senso;Asciutto;Asfaltata;Verticale ed orizzontale;Nuvoloso;Intenso;Buona;Ore Diurne;3;0;0;2;;;-1;1;Autobus di linea;In marcia / fermata / arresto;Passeggero;F;Illeso;0;;Esente;Inesistente
1828325;1;10/02/2010 16:40;Strada Urbana;PIAZZALE SISTO V;all'intersezione semaforizzata con;VIALE PRETORIANO;VIALE PRETORIANO;;;Scontro laterale fra veicoli in marcia;Intersezione semaforizzata;Una carreggiata a senso unico di marcia;Bagnato (pioggia);Asfaltata;Verticale ed orizzontale;Nuvoloso;Normale;Buona;Ore Diurne;0;0;0;2;;;-1;1;Autovettura privata;In marcia / fermata / arresto;Conducente;M;Illeso;0;;Non accertato;Inesistente
1828325;1;10/02/2010 16:40;Strada Urbana;PIAZZALE SISTO V;all'intersezione semaforizzata con;VIALE PRETORIANO;VIALE PRETORIANO;;;Scontro laterale fra veicoli in marcia;Intersezione semaforizzata;Una carreggiata a senso unico di marcia;Bagnato (pioggia);Asfaltata;Verticale ed orizzontale;Nuvoloso;Normale;Buona;Ore Diurne;0;0;0;2;;;-1;2;Autovettura privata;In marcia / fermata / arresto;Conducente;M;Illeso;0;;Non accertato;Inesistente
1828326;1;11/02/2010 15:20;Strada Urbana;VIA DEL TRITONE;in prossimità;;del civico n. ;57;;Investimento di pedone;Rettilineo;Una carreggiata a doppio senso;Asciutto;Asfaltata;Verticale ed orizzontale;Nuvoloso;Normale;Buona;Ore Diurne;1;0;0;1;;;-1;;;;Pedone;M;Rimandato;0;NON DECEDUTO;;
1828326;1;11/02/2010 15:20;Strada Urbana;VIA DEL TRITONE;in prossimità;;del civico n. ;57;;Investimento di pedone;Rettilineo;Una carreggiata a doppio senso;Asciutto;Asfaltata;Verticale ed orizzontale;Nuvoloso;Normale;Buona;Ore Diurne;1;0;0;1;;;-1;1;Motociclo a solo;In marcia / fermata / arresto;Conducente;M;Illeso;0;;Utilizzato;Inesistente
1828327;1;11/02/2010 18:00;Strada Urbana;PORTA ARDEATINA;da specificare;;;;fronte palo Acea n° 65;Scontro frontale/laterale SX fra veicoli in marcia;Rettilineo;Una carreggiata a doppio senso;Asciutto;Asfaltata;Verticale ed orizzontale;Nuvoloso;Intenso;Buona;Sufficiente;1;0;0;1;;;-1;1;Autovettura privata;In marcia / fermata / arresto;Conducente;M;Illeso;0;;Utilizzato;Inesistente
1828327;1;11/02/2010 18:00;Strada Urbana;PORTA ARDEATINA;da specificare;;;;fronte palo Acea n° 65;Scontro frontale/laterale SX fra veicoli in marcia;Rettilineo;Una carreggiata a doppio senso;Asciutto;Asfaltata;Verticale ed orizzontale;Nuvoloso;Intenso;Buona;Sufficiente;1;0;0;1;;;-1;2;Motociclo a solo;In marcia / fermata / arresto;Conducente;M;Rimandato;0;NON DECEDUTO;Non accertato;Inesistente
1828328;1;12/02/2010 06:30;Strada Urbana;PIAZZA DI PORTA S. GIOVANNI;all'intersezione semaforizzata con;VIA EMANUELE FILIBERTO;VIA EMANUELE FILIBERTO;;;Investimento di pedone;Intersezione semaforizzata;Una carreggiata a doppio senso;Bagnato (pioggia);Asfaltata;Verticale ed orizzontale;Pioggia in atto;Normale;Sufficiente;Ore Diurne;1;0;0;0;;;-1;;;;Pedone;F;Rimandato;0;NON DECEDUTO;;
1828329;1;12/02/2010 08:35;Strada Urbana;VIA SAN MARTINO DELLA BATTAGLIA;in prossimità;;del civico n. ;44;;Scontro laterale fra veicoli in marcia;Rettilineo;Una carreggiata a doppio senso;Con neve;Asfaltata;Verticale ed orizzontale;Nevicata in atto;Normale;Buona;Ore Diurne;1;0;0;1;;;-1;1;Autovettura privata;In marcia / fermata / arresto;Conducente;M;Illeso;0;;Non utilizzato;Inesistente
1828329;1;12/02/2010 08:35;Strada Urbana;VIA SAN MARTINO DELLA BATTAGLIA;in prossimità;;del civico n. ;44;;Scontro laterale fra veicoli in marcia;Rettilineo;Una carreggiata a doppio senso;Con neve;Asfaltata;Verticale ed orizzontale;Nevicata in atto;Normale;Buona;Ore Diurne;1;0;0;1;;;-1;2;Motociclo a solo;In marcia / fermata / arresto;Conducente;M;Rifiuta cure immediate;0;NON DECEDUTO;Utilizzato;Inesistente
1828330;1;13/02/2010 04:10;Strada Urbana;LUNGOTEVERE GIANICOLENSE;all'intersezione semaforizzata con;PONTE GIUSEPPE MAZZINI;PONTE GIUSEPPE MAZZINI;;;Scontro laterale fra veicoli in marcia;Intersezione semaforizzata;Una carreggiata a senso unico di marcia;Asciutto;Asfaltata;Verticale ed orizzontale;Sereno;Scarso;Buona;Sufficiente;3;0;0;0;;;-1;1;Autovettura privata;In marcia / fermata / arresto;Conducente;M;Rimandato;0;NON DECEDUTO;Non accertato;Inesistente
1828330;1;13/02/2010 04:10;Strada Urbana;LUNGOTEVERE GIANICOLENSE;all'intersezione semaforizzata con;PONTE GIUSEPPE MAZZINI;PONTE GIUSEPPE MAZZINI;;;Scontro laterale fra veicoli in marcia;Intersezione semaforizzata;Una carreggiata a senso unico di marcia;Asciutto;Asfaltata;Verticale ed orizzontale;Sereno;Scarso;Buona;Sufficiente;3;0;0;0;;;-1;2;Autovettura privata;In marcia / fermata / arresto;Conducente;M;Rimandato;0;NON DECEDUTO;Non accertato;Inesistente
1828330;1;13/02/2010 04:10;Strada Urbana;LUNGOTEVERE GIANICOLENSE;all'intersezione semaforizzata con;PONTE GIUSEPPE MAZZINI;PONTE GIUSEPPE MAZZINI;;;Scontro laterale fra veicoli in marcia;Intersezione semaforizzata;Una carreggiata a senso unico di marcia;Asciutto;Asfaltata;Verticale ed orizzontale;Sereno;Scarso;Buona;Sufficiente;3;0;0;0;;;-1;2;Autovettura privata;In marcia / fermata / arresto;Passeggero;F;Rimandato;0;NON DECEDUTO;Non accertato;Inesistente
1828331;10;12/02/2010 08:15;Strada Urbana;VIA PORTIGLIOLA;all'intersezione con;VIA MONASTERACE;VIA MONASTERACE;;;Veicolo in marcia contro veicolo fermo;Incrocio;Una carreggiata a senso unico di marcia;Bagnato (umidità in atto);Asfaltata;Verticale ed orizzontale;Nevicata in atto;Scarso;Buona;Ore Diurne;0;0;0;3;;;-1;1;Autocarro superiore 35 q.;In marcia / fermata / arresto;Conducente;M;Illeso;0;;Esente;Inesistente
1828331;10;12/02/2010 08:15;Strada Urbana;VIA PORTIGLIOLA;all'intersezione con;VIA MONASTERACE;VIA MONASTERACE;;;Veicolo in marcia contro veicolo fermo;Incrocio;Una carreggiata a senso unico di marcia;Bagnato (umidità in atto);Asfaltata;Verticale ed orizzontale;Nevicata in atto;Scarso;Buona;Ore Diurne;0;0;0;3;;;-1;1;Autocarro superiore 35 q.;In marcia / fermata / arresto;Passeggero;M;Illeso;0;;Esente;Inesistente
1828331;10;12/02/2010 08:15;Strada Urbana;VIA PORTIGLIOLA;all'intersezione con;VIA MONASTERACE;VIA MONASTERACE;;;Veicolo in marcia contro veicolo fermo;Incrocio;Una carreggiata a senso unico di marcia;Bagnato (umidità in atto);Asfaltata;Verticale ed orizzontale;Nevicata in atto;Scarso;Buona;Ore Diurne;0;0;0;3;;;-1;2;Autovettura privata;In marcia / fermata / arresto;Conducente;M;Illeso;0;;Non accertato;Inesploso
1828332;10;12/02/2010 10:35;Strada Urbana;VIA TUSCOLANA;all'intersezione con;VIA SCRIBONIO CURIONE;VIA SCRIBONIO CURIONE;;;Investimento di pedone;Incrocio;Una carreggiata a senso unico di marcia;Con neve;Asfaltata;Verticale ed orizzontale;Nevicata in atto;Normale;Buona;Ore Diurne;1;0;0;1;;;-1;;;;Pedone;F;Rimandato;0;NON DECEDUTO;;
1828332;10;12/02/2010 10:35;Strada Urbana;VIA TUSCOLANA;all'intersezione con;VIA SCRIBONIO CURIONE;VIA SCRIBONIO CURIONE;;;Investimento di pedone;Incrocio;Una carreggiata a senso unico di marcia;Con neve;Asfaltata;Verticale ed orizzontale;Nevicata in atto;Normale;Buona;Ore Diurne;1;0;0;1;;;-1;1;Autovettura privata;In marcia / fermata / arresto;Conducente;M;Illeso;0;;Esente;Inesploso
1828333;10;12/02/2010 11:00;Strada Urbana;VIA FABRIZIO LUSCINO;in prossimità;;civico;85;;Scontro frontale/laterale SX fra veicoli in marcia;Rettilineo;Una carreggiata a senso unico di marcia;Con neve;Asfaltata;Assente;Nevicata in atto;Scarso;Sufficiente;Ore Diurne;0;0;0;3;;;-1;1;Autovettura di polizia;In marcia / fermata / arresto;Conducente;M;Illeso;0;;Non accertato;Inesploso
1828333;10;12/02/2010 11:00;Strada Urbana;VIA FABRIZIO LUSCINO;in prossimità;;civico;85;;Scontro frontale/laterale SX fra veicoli in marcia;Rettilineo;Una carreggiata a senso unico di marcia;Con neve;Asfaltata;Assente;Nevicata in atto;Scarso;Sufficiente;Ore Diurne;0;0;0;3;;;-1;2;Autovettura privata;In marcia / fermata / arresto;Conducente;F;Illeso;0;;Non accertato;Inesistente
1828333;10;12/02/2010 11:00;Strada Urbana;VIA FABRIZIO LUSCINO;in prossimità;;civico;85;;Scontro frontale/laterale SX fra veicoli in marcia;Rettilineo;Una carreggiata a senso unico di marcia;Con neve;Asfaltata;Assente;Nevicata in atto;Scarso;Sufficiente;Ore Diurne;0;0;0;3;;;-1;2;Autovettura privata;In marcia / fermata / arresto;Passeggero;F;Illeso;0;;Non accertato;Inesistente
1828334;10;12/02/2010 13:05;Strada Urbana;VIA GIUSEPPE SAREDO;in corrispondenza;;del civico n. ;52;;Scontro laterale fra veicoli in marcia;Rettilineo;Una carreggiata a senso unico di marcia;Bagnato (pioggia);Asfaltata;Assente;Nuvoloso;Normale;Buona;Ore Diurne;0;0;0;3;;;-1;1;Autovettura privata;In marcia / fermata / arresto;Conducente;F;Illeso;0;;Non accertato;Inesistente
1828334;10;12/02/2010 13:05;Strada Urbana;VIA GIUSEPPE SAREDO;in corrispondenza;;del civico n. ;52;;Scontro laterale fra veicoli in marcia;Rettilineo;Una carreggiata a senso unico di marcia;Bagnato (pioggia);Asfaltata;Assente;Nuvoloso;Normale;Buona;Ore Diurne;0;0;0;3;;;-1;1;Autovettura privata;In marcia / fermata / arresto;Passeggero;F;Illeso;0;;Non accertato;Inesistente
1828334;10;12/02/2010 13:05;Strada Urbana;VIA GIUSEPPE SAREDO;in corrispondenza;;del civico n. ;52;;Scontro laterale fra veicoli in marcia;Rettilineo;Una carreggiata a senso unico di marcia;Bagnato (pioggia);Asfaltata;Assente;Nuvoloso;Normale;Buona;Ore Diurne;0;0;0;3;;;-1;2;Autovettura privata;In marcia / fermata / arresto;Conducente;F;Illeso;0;;Non accertato;Inesploso
1828335;10;13/02/2010 17:45;Strada Urbana;PIAZZA DI CINECITTA';all'intersezione semaforizzata con;CIRCONVALLAZIONE TUSCOLANA;CIRCONVALLAZIONE TUSCOLANA;;;Scontro frontale/laterale DX fra veicoli in marcia;Intersezione semaforizzata;Due carreggiate;Asciutto;Asfaltata;Verticale ed orizzontale;Sereno;Normale;Buona;Sufficiente;0;0;0;3;;;-1;1;Autovettura privata;In marcia / fermata / arresto;Conducente;M;Illeso;0;;Non accertato;Inesistente
1828335;10;13/02/2010 17:45;Strada Urbana;PIAZZA DI CINECITTA';all'intersezione semaforizzata con;CIRCONVALLAZIONE TUSCOLANA;CIRCONVALLAZIONE TUSCOLANA;;;Scontro frontale/laterale DX fra veicoli in marcia;Intersezione semaforizzata;Due carreggiate;Asciutto;Asfaltata;Verticale ed orizzontale;Sereno;Normale;Buona;Sufficiente;0;0;0;3;;;-1;1;Autovettura privata;In marcia / fermata / arresto;Passeggero;M;Illeso;0;;Non accertato;Inesistente
1828335;10;13/02/2010 17:45;Strada Urbana;PIAZZA DI CINECITTA';all'intersezione semaforizzata con;CIRCONVALLAZIONE TUSCOLANA;CIRCONVALLAZIONE TUSCOLANA;;;Scontro frontale/laterale DX fra veicoli in marcia;Intersezione semaforizzata;Due carreggiate;Asciutto;Asfaltata;Verticale ed orizzontale;Sereno;Normale;Buona;Sufficiente;0;0;0;3;;;-1;2;Autovettura privata;In marcia / fermata / arresto;Conducente;M;Illeso;0;;Non accertato;Inesistente
1828336;10;13/02/2010 19:15;Strada Urbana;VIA EMANUELE CARNEVALE;da specificare;;;;ingresso lat. parcheggio globo;Scontro laterale fra veicoli in marcia;Curva a visuale libera;Una carreggiata a doppio senso;Asciutto;Asfaltata;Verticale ed orizzontale;Sereno;Normale;Sufficiente;Sufficiente;0;0;0;5;;;-1;1;Autovettura privata;In marcia / fermata / arresto;Conducente;M;Illeso;0;;Non accertato;Inesistente
1828336;10;13/02/2010 19:15;Strada Urbana;VIA EMANUELE CARNEVALE;da specificare;;;;ingresso lat. parcheggio globo;Scontro laterale fra veicoli in marcia;Curva a visuale libera;Una carreggiata a doppio senso;Asciutto;Asfaltata;Verticale ed orizzontale;Sereno;Normale;Sufficiente;Sufficiente;0;0;0;5;;;-1;1;Autovettura privata;In marcia / fermata / arresto;Passeggero;M;Illeso;0;;Non accertato;Inesistente
1828336;10;13/02/2010 19:15;Strada Urbana;VIA EMANUELE CARNEVALE;da specificare;;;;ingresso lat. parcheggio globo;Scontro laterale fra veicoli in marcia;Curva a visuale libera;Una carreggiata a doppio senso;Asciutto;Asfaltata;Verticale ed orizzontale;Sereno;Normale;Sufficiente;Sufficiente;0;0;0;5;;;-1;1;Autovettura privata;In marcia / fermata / arresto;Passeggero;M;Illeso;0;;Non accertato;Inesistente
1828336;10;13/02/2010 19:15;Strada Urbana;VIA EMANUELE CARNEVALE;da specificare;;;;ingresso lat. parcheggio globo;Scontro laterale fra veicoli in marcia;Curva a visuale libera;Una carreggiata a doppio senso;Asciutto;Asfaltata;Verticale ed orizzontale;Sereno;Normale;Sufficiente;Sufficiente;0;0;0;5;;;-1;2;Autovettura privata;In marcia / fermata / arresto;Conducente;M;Illeso;0;;Non accertato;Inesistente
1828336;10;13/02/2010 19:15;Strada Urbana;VIA EMANUELE CARNEVALE;da specificare;;;;ingresso lat. parcheggio globo;Scontro laterale fra veicoli in marcia;Curva a visuale libera;Una carreggiata a doppio senso;Asciutto;Asfaltata;Verticale ed orizzontale;Sereno;Normale;Sufficiente;Sufficiente;0;0;0;5;;;-1;2;Autovettura privata;In marcia / fermata / arresto;Passeggero;M;Illeso;0;;Non accertato;Inesistente
1828337;10;13/02/2010 20:25;Strada Urbana;VIALE ROLANDO VIGNALI;da specificare;;;;fronte civ.54;Scontro frontale/laterale DX fra veicoli in marcia;Rettilineo;Due carreggiate;Asciutto;Asfaltata;Verticale ed orizzontale;Sereno;Scarso;Buona;Sufficiente;2;0;0;1;;;-1;1;Autovettura privata;In marcia / fermata / arresto;Conducente;F;Rimandato;0;NON DECEDUTO;Non accertato;Inesploso
1828337;10;13/02/2010 20:25;Strada Urbana;VIALE ROLANDO VIGNALI;da specificare;;;;fronte civ.54;Scontro frontale/laterale DX fra veicoli in marcia;Rettilineo;Due carreggiate;Asciutto;Asfaltata;Verticale ed orizzontale;Sereno;Scarso;Buona;Sufficiente;2;0;0;1;;;-1;2;Autovettura privata;In marcia / fermata / arresto;Conducente;F;Illeso;0;;Non accertato;Inesploso
1828337;10;13/02/2010 20:25;Strada Urbana;VIALE ROLANDO VIGNALI;da specificare;;;;fronte civ.54;Scontro frontale/laterale DX fra veicoli in marcia;Rettilineo;Due carreggiate;Asciutto;Asfaltata;Verticale ed orizzontale;Sereno;Scarso;Buona;Sufficiente;2;0;0;1;;;-1;2;Autovettura privata;In marcia / fermata / arresto;Passeggero;M;Rimandato;0;NON DECEDUTO;Non accertato;Inesistente
1828338;12;13/02/2010 17:00;Strada Urbana;VIALE DELLA GRANDE MURAGLIA;all'intersezione con;VIA SALISBURGO;VIA SALISBURGO;;;Infortunio per caduta del veicolo;Rotatoria;Una carreggiata a senso unico di marcia;Asciutto;Asfaltata;Verticale ed orizzontale;Sereno;Normale;Buona;Ore Diurne;1;0;0;0;;;-1;1;Motociclo a solo;In marcia / fermata / arresto;Conducente;M;Rimandato;0;NON DECEDUTO;Utilizzato;Inesistente
1828339;12;13/02/2010 20:30;Strada Urbana;VIA DI ACQUA ACETOSA OSTIENSE;da specificare;;;;prossimità Via C. Colombo (laterale);Scontro laterale fra veicoli in marcia;Curva a visuale libera;Due carreggiate;Asciutto;Asfaltata;Verticale ed orizzontale;Sereno;Normale;Buona;Sufficiente;1;0;0;2;;;-1;1;Autovettura privata;In marcia / fermata / arresto;Passeggero;F;Rimandato;0;NON DECEDUTO;Utilizzato;Inesploso
1828339;12;13/02/2010 20:30;Strada Urbana;VIA DI ACQUA ACETOSA OSTIENSE;da specificare;;;;prossimità Via C. Colombo (laterale);Scontro laterale fra veicoli in marcia;Curva a visuale libera;Due carreggiate;Asciutto;Asfaltata;Verticale ed orizzontale;Sereno;Normale;Buona;Sufficiente;1;0;0;2;;;-1;1;Autovettura privata;In marcia / fermata / arresto;Conducente;M;Illeso;0;;Utilizzato;Inesploso
1828339;12;13/02/2010 20:30;Strada Urbana;VIA DI ACQUA ACETOSA OSTIENSE;da specificare;;;;prossimità Via C. Colombo (laterale);Scontro laterale fra veicoli in marcia;Curva a visuale libera;Due carreggiate;Asciutto;Asfaltata;Verticale ed orizzontale;Sereno;Normale;Buona;Sufficiente;1;0;0;2;;;-1;2;Autovettura privata;In marcia / fermata / arresto;Conducente;M;Illeso;0;;Utilizzato;Inesploso
1828340;15;13/02/2010 16:30;Strada Urbana;VIA POGGIO VERDE;all'intersezione con;VIA MARINO MAZZACURATI;VIA MARINO MAZZACURATI;;;Veicolo in marcia contro ostacolo accidentale;Intersezione stradale segnalata;Una carreggiata a senso unico di marcia;Asciutto;Asfaltata;Verticale;Sereno;Scarso;Buona;Ore Diurne;0;0;0;2;;;-1;1;Autovettura privata;In marcia / fermata / arresto;Conducente;M;Illeso;0;;Utilizzato;Inesistente
1828340;15;13/02/2010 16:30;Strada Urbana;VIA POGGIO VERDE;all'intersezione con;VIA MARINO MAZZACURATI;VIA MARINO MAZZACURATI;;;Veicolo in marcia contro ostacolo accidentale;Intersezione stradale segnalata;Una carreggiata a senso unico di marcia;Asciutto;Asfaltata;Verticale;Sereno;Scarso;Buona;Ore Diurne;0;0;0;2;;;-1;1;Autovettura privata;In marcia / fermata / arresto;Passeggero;M;Illeso;0;;Utilizzato;Inesistente
1828341;15;13/02/2010 23:15;Strada Urbana;VIA DEL PONTE DI MALNOME;da specificare;;;;prossimità via di malagrotta;Veicolo in marcia contro ostacolo fisso;Rettilineo;Una carreggiata a doppio senso;Asciutto;Asfaltata;Assente;Sereno;Scarso;Insufficiente;Inesistente;0;0;0;1;;;-1;1;Autovettura privata;In marcia / fermata / arresto;Conducente;M;Illeso;0;;Utilizzato;Inesistente
1828342;15;14/02/2010 05:50;Strada Urbana;VIADOTTO DELLA MAGLIANA;da specificare;;;;altezza Via del Cappellaccio;Veicolo in marcia contro ostacolo fisso;Curva senza visuale libera;Due carreggiate;Bagnato (umidità in atto);Asfaltata;Verticale ed orizzontale;Nuvoloso;Scarso;Sufficiente;Sufficiente;0;0;0;1;;;-1;1;Autovettura privata;In marcia / fermata / arresto;Conducente;M;Illeso;0;;Non accertato;Inesploso
1828343;18;13/02/2010 17:20;Strada Urbana;VIA ENNIO BONIFAZI;in prossimità;;del civico n. ;48;;Tamponamento;Rettilineo;Una carreggiata a doppio senso;Asciutto;Asfaltata;Verticale ed orizzontale;Sereno;Normale;Sufficiente;Sufficiente;0;0;0;4;;;-1;1;Autovettura privata;In marcia / fermata / arresto;Conducente;M;Illeso;0;;Utilizzato;Inesploso
1828343;18;13/02/2010 17:20;Strada Urbana;VIA ENNIO BONIFAZI;in prossimità;;del civico n. ;48;;Tamponamento;Rettilineo;Una carreggiata a doppio senso;Asciutto;Asfaltata;Verticale ed orizzontale;Sereno;Normale;Sufficiente;Sufficiente;0;0;0;4;;;-1;1;Autovettura privata;In marcia / fermata / arresto;Passeggero;F;Illeso;0;;Utilizzato;Inesploso
1828343;18;13/02/2010 17:20;Strada Urbana;VIA ENNIO BONIFAZI;in prossimità;;del civico n. ;48;;Tamponamento;Rettilineo;Una carreggiata a doppio senso;Asciutto;Asfaltata;Verticale ed orizzontale;Sereno;Normale;Sufficiente;Sufficiente;0;0;0;4;;;-1;2;Autovettura privata;In marcia / fermata / arresto;Conducente;M;Illeso;0;;Utilizzato;Inesploso
1828343;18;13/02/2010 17:20;Strada Urbana;VIA ENNIO BONIFAZI;in prossimità;;del civico n. ;48;;Tamponamento;Rettilineo;Una carreggiata a doppio senso;Asciutto;Asfaltata;Verticale ed orizzontale;Sereno;Normale;Sufficiente;Sufficiente;0;0;0;4;;;-1;2;Autovettura privata;In marcia / fermata / arresto;Passeggero;F;Illeso;0;;Utilizzato;Inesploso
1828344;18;14/02/2010 05:45;Strada Urbana;VIA GREGORIO VII;da specificare;;;;fronte n° civico 460;Veicolo in marcia contro veicoli in sosta;Rettilineo;Più di due carreggiate;Bagnato (umidità in atto);Asfaltata;Verticale ed orizzontale;Sereno;Scarso;Sufficiente;Sufficiente;0;0;0;5;;;-1;1;Autovettura privata;In marcia / fermata / arresto;Conducente;M;Illeso;0;;Non accertato;Inesploso
1828344;18;14/02/2010 05:45;Strada Urbana;VIA GREGORIO VII;da specificare;;;;fronte n° civico 460;Veicolo in marcia contro veicoli in sosta;Rettilineo;Più di due carreggiate;Bagnato (umidità in atto);Asfaltata;Verticale ed orizzontale;Sereno;Scarso;Sufficiente;Sufficiente;0;0;0;5;;;-1;1;Autovettura privata;In marcia / fermata / arresto;Passeggero;M;Illeso;0;;Non accertato;Inesistente
1828344;18;14/02/2010 05:45;Strada Urbana;VIA GREGORIO VII;da specificare;;;;fronte n° civico 460;Veicolo in marcia contro veicoli in sosta;Rettilineo;Più di due carreggiate;Bagnato (umidità in atto);Asfaltata;Verticale ed orizzontale;Sereno;Scarso;Sufficiente;Sufficiente;0;0;0;5;;;-1;1;Autovettura privata;In marcia / fermata / arresto;Passeggero;M;Illeso;0;;Non accertato;Inesploso
1828344;18;14/02/2010 05:45;Strada Urbana;VIA GREGORIO VII;da specificare;;;;fronte n° civico 460;Veicolo in marcia contro veicoli in sosta;Rettilineo;Più di due carreggiate;Bagnato (umidità in atto);Asfaltata;Verticale ed orizzontale;Sereno;Scarso;Sufficiente;Sufficiente;0;0;0;5;;;-1;1;Autovettura privata;In marcia / fermata / arresto;Passeggero;F;Illeso;0;;Non accertato;Inesistente
1828344;18;14/02/2010 05:45;Strada Urbana;VIA GREGORIO VII;da specificare;;;;fronte n° civico 460;Veicolo in marcia contro veicoli in sosta;Rettilineo;Più di due carreggiate;Bagnato (umidità in atto);Asfaltata;Verticale ed orizzontale;Sereno;Scarso;Sufficiente;Sufficiente;0;0;0;5;;;-1;1;Autovettura privata;In marcia / fermata / arresto;Passeggero;F;Illeso;0;;Non accertato;Inesploso
1828345;18;14/02/2010 07:50;Strada Urbana;VIA BALDO DEGLI UBALDI;in prossimità;;del civico n. ;200;;Scontro laterale fra veicoli in marcia;Pendenza;Due carreggiate;Bagnato (umidità in atto);Asfaltata;Verticale ed orizzontale;Nuvoloso;Scarso;Sufficiente;Ore Diurne;0;0;0;2;;;-1;1;Autovettura privata;In marcia / fermata / arresto;Conducente;M;Illeso;0;;Non accertato;Inesistente
1828345;18;14/02/2010 07:50;Strada Urbana;VIA BALDO DEGLI UBALDI;in prossimità;;del civico n. ;200;;Scontro laterale fra veicoli in marcia;Pendenza;Due carreggiate;Bagnato (umidità in atto);Asfaltata;Verticale ed orizzontale;Nuvoloso;Scarso;Sufficiente;Ore Diurne;0;0;0;2;;;-1;2;Motociclo a solo;In marcia / fermata / arresto;Conducente;M;Illeso;0;;Utilizzato;Inesistente
1828346;2;12/02/2010 09:10;Strada Urbana;VIA DI S. COSTANZA;all'intersezione con;VIA SPALATO;VIA SPALATO;;;Veicolo in marcia contro ostacolo accidentale;Incrocio;Una carreggiata a doppio senso;Bagnato (pioggia);Acciotolata;Verticale ed orizzontale;Pioggia in atto;Intenso;Buona;Ore Diurne;0;0;0;1;;;-1;1;Autovettura privata;In marcia / fermata / arresto;Conducente;F;Illeso;0;;Non accertato;Inesistente
1828347;2;12/02/2010 11:45;Strada Urbana;VIA LUIGI MANCINELLI;all'intersezione semaforizzata con;LARGO SOMALIA;LARGO SOMALIA;;;Tamponamento;Incrocio;Una carreggiata a senso unico di marcia;Bagnato (pioggia);Asfaltata;Verticale ed orizzontale;Pioggia in atto;Normale;Buona;Ore Diurne;0;0;0;4;;;-1;1;Autovettura privata;In marcia / fermata / arresto;Conducente;M;Illeso;0;;Non accertato;Inesistente