Protocollo;Gruppo;DataOraIncidente;Localizzazione1;STRADA1;Localizzazione2;STRADA2;Strada02;Chilometrica;DaSpecificare;NaturaIncidente;particolaritastrade;TipoStrada;FondoStradale;Pavimentazione;Segnaletica;CondizioneAtmosferica;Traffico;Visibilita;Illuminazione;NUM_FERITI;NUM_RISERVATA;NUM_MORTI;NUM_ILLESI;Longitudine;Latitudine;Confermato;Progressivo;TipoVeicolo;StatoVeicolo;TipoPersona;Sesso;Tipolesione;Deceduto;DecedutoDopo;CinturaCascoUtilizzato;Airbag
1828483;9;13/02/2010 22:10;Strada Urbana;VIA SEGESTA;all'intersezione con;VIA LIDIA;VIA LIDIA;;;Scontro frontale/laterale SX fra veicoli in marcia;Intersezione stradale segnalata;Una carreggiata a senso unico di marcia;Asciutto;Asfaltata;Verticale ed orizzontale;Sereno;Scarso;Sufficiente;Sufficiente;0;0;0;3;;;-1;2;Autovettura privata;In marcia / fermata / arresto;Conducente;M;Illeso;0;;Non accertato;Inesistente
1828484;9;13/02/2010 23:20;Strada Urbana;VIA LIDIA;in prossimità;;del civico n. ;44;;Veicolo in marcia contro veicoli fermi;Rettilineo;Una carreggiata a senso unico di marcia;Asciutto;Asfaltata;Verticale ed orizzontale;Sereno;Scarso;Buona;Sufficiente;0;0;0;1;;;-1;1;Autovettura privata;In marcia / fermata / arresto;Conducente;M;Illeso;0;;Non accertato;Inesistente
1828486;9;14/02/2010 23:45;Strada Urbana;VIA ALLUMIERE;da specificare;;;;prossimità VIA APPIA NUOVA;Tamponamento;Rettilineo;Una carreggiata a senso unico di marcia;Asciutto;Asfaltata;Verticale ed orizzontale;Nuvoloso;Normale;Buona;Sufficiente;0;0;0;5;;;-1;1;Autovettura privata;In marcia / fermata / arresto;Passeggero;F;Illeso;0;;Non accertato;Inesistente
1828486;9;14/02/2010 23:45;Strada Urbana;VIA ALLUMIERE;da specificare;;;;prossimità VIA APPIA NUOVA;Tamponamento;Rettilineo;Una carreggiata a senso unico di marcia;Asciutto;Asfaltata;Verticale ed orizzontale;Nuvoloso;Normale;Buona;Sufficiente;0;0;0;5;;;-1;1;Autovettura privata;In marcia / fermata / arresto;Passeggero;M;Illeso;0;;Non accertato;Inesistente
1828486;9;14/02/2010 23:45;Strada Urbana;VIA ALLUMIERE;da specificare;;;;prossimità VIA APPIA NUOVA;Tamponamento;Rettilineo;Una carreggiata a senso unico di marcia;Asciutto;Asfaltata;Verticale ed orizzontale;Nuvoloso;Normale;Buona;Sufficiente;0;0;0;5;;;-1;1;Autovettura privata;In marcia / fermata / arresto;Passeggero;F;Illeso;0;;Non accertato;Inesistente
1828486;9;14/02/2010 23:45;Strada Urbana;VIA ALLUMIERE;da specificare;;;;prossimità VIA APPIA NUOVA;Tamponamento;Rettilineo;Una carreggiata a senso unico di marcia;Asciutto;Asfaltata;Verticale ed orizzontale;Nuvoloso;Normale;Buona;Sufficiente;0;0;0;5;;;-1;1;Autovettura privata;In marcia / fermata / arresto;Conducente;M;Illeso;0;;Non accertato;Inesistente
1828486;9;14/02/2010 23:45;Strada Urbana;VIA ALLUMIERE;da specificare;;;;prossimità VIA APPIA NUOVA;Tamponamento;Rettilineo;Una carreggiata a senso unico di marcia;Asciutto;Asfaltata;Verticale ed orizzontale;Nuvoloso;Normale;Buona;Sufficiente;0;0;0;5;;;-1;2;Autovettura privata;In marcia / fermata / arresto;Conducente;M;Illeso;0;;Non accertato;Inesistente
1828487;9;15/02/2010 01:00;Strada Urbana;VIA MAGNANAPOLI;all'intersezione semaforizzata con;VIA NAZIONALE;VIA NAZIONALE;;;Scontro frontale/laterale SX fra veicoli in marcia;Intersezione semaforizzata;Una carreggiata a senso unico di marcia;Asciutto;In cubetti di porfido;Orizzontale;Nuvoloso;Normale;Sufficiente;Sufficiente;0;0;0;4;;;-1;1;Autovettura privata;In marcia / fermata / arresto;Conducente;M;Illeso;0;;Non accertato;Inesistente
1828487;9;15/02/2010 01:00;Strada Urbana;VIA MAGNANAPOLI;all'intersezione semaforizzata con;VIA NAZIONALE;VIA NAZIONALE;;;Scontro frontale/laterale SX fra veicoli in marcia;Intersezione semaforizzata;Una carreggiata a senso unico di marcia;Asciutto;In cubetti di porfido;Orizzontale;Nuvoloso;Normale;Sufficiente;Sufficiente;0;0;0;4;;;-1;1;Autovettura privata;In marcia / fermata / arresto;Passeggero;M;Illeso;0;;Non accertato;Inesistente
1828487;9;15/02/2010 01:00;Strada Urbana;VIA MAGNANAPOLI;all'intersezione semaforizzata con;VIA NAZIONALE;VIA NAZIONALE;;;Scontro frontale/laterale SX fra veicoli in marcia;Intersezione semaforizzata;Una carreggiata a senso unico di marcia;Asciutto;In cubetti di porfido;Orizzontale;Nuvoloso;Normale;Sufficiente;Sufficiente;0;0;0;4;;;-1;2;Autovettura privata;In marcia / fermata / arresto;Conducente;M;Illeso;0;;Non accertato;Inesistente
1828487;9;15/02/2010 01:00;Strada Urbana;VIA MAGNANAPOLI;all'intersezione semaforizzata con;VIA NAZIONALE;VIA NAZIONALE;;;Scontro frontale/laterale SX fra veicoli in marcia;Intersezione semaforizzata;Una carreggiata a senso unico di marcia;Asciutto;In cubetti di porfido;Orizzontale;Nuvoloso;Normale;Sufficiente;Sufficiente;0;0;0;4;;;-1;3;Motociclo a solo;In marcia / fermata / arresto;Conducente;M;Illeso;0;;Non accertato;Inesistente
1828488;1;12/02/2010 04:45;Strada Urbana;PORTO DI RIPA GRANDE;all'intersezione semaforizzata con;PIAZZA DI PORTA PORTESE;PIAZZA DI PORTA PORTESE;;;Scontro laterale fra veicoli in marcia;Intersezione semaforizzata;Una carreggiata a senso unico di marcia;Bagnato (pioggia);Asfaltata;Verticale ed orizzontale;Pioggia in atto;Scarso;Buona;Sufficiente;1;0;0;1;;;-1;1;Autoarticolato;In marcia / fermata / arresto;Conducente;M;Illeso;0;;Non accertato;Inesistente
1828488;1;12/02/2010 04:45;Strada Urbana;PORTO DI RIPA GRANDE;all'intersezione semaforizzata con;PIAZZA DI PORTA PORTESE;PIAZZA DI PORTA PORTESE;;;Scontro laterale fra veicoli in marcia;Intersezione semaforizzata;Una carreggiata a senso unico di marcia;Bagnato (pioggia);Asfaltata;Verticale ed orizzontale;Pioggia in atto;Scarso;Buona;Sufficiente;1;0;0;1;;;-1;2;Autovettura privata;In marcia / fermata / arresto;Conducente;M;Rimandato;0;NON DECEDUTO;Non accertato;Inesistente
1828489;1;13/02/2010 16:10;Strada Urbana;PASSEGGIATA DEL GIANICOLO;da specificare;;;;alt. P.LE DEL FARO;Veicolo in marcia contro veicolo in sosta;Rettilineo;Una carreggiata a doppio senso;Asciutto;Con buche;Verticale ed orizzontale;Sereno;Scarso;Buona;Ore Diurne;1;0;0;0;;;-1;1;Motociclo con passeggero;In marcia / fermata / arresto;Conducente;M;Rifiuta cure immediate;0;NON DECEDUTO;Non accertato;Inesistente
1828490;1;14/02/2010 01:00;Strada Urbana;VIA LABICANA;in prossimità;;del civico n. ;50;;Veicolo in marcia contro veicolo fermo;Rettilineo;Una carreggiata a doppio senso;Asciutto;Asfaltata;Verticale ed orizzontale;Nuvoloso;Intenso;Buona;Sufficiente;2;0;0;2;;;-1;1;Ciclomotore;In marcia / fermata / arresto;Conducente;M;Rimandato;0;NON DECEDUTO;Non accertato;Inesistente
1828490;1;14/02/2010 01:00;Strada Urbana;VIA LABICANA;in prossimità;;del civico n. ;50;;Veicolo in marcia contro veicolo fermo;Rettilineo;Una carreggiata a doppio senso;Asciutto;Asfaltata;Verticale ed orizzontale;Nuvoloso;Intenso;Buona;Sufficiente;2;0;0;2;;;-1;1;Ciclomotore;In marcia / fermata / arresto;Passeggero;F;Rimandato;0;NON DECEDUTO;Non accertato;Inesistente
1828490;1;14/02/2010 01:00;Strada Urbana;VIA LABICANA;in prossimità;;del civico n. ;50;;Veicolo in marcia contro veicolo fermo;Rettilineo;Una carreggiata a doppio senso;Asciutto;Asfaltata;Verticale ed orizzontale;Nuvoloso;Intenso;Buona;Sufficiente;2;0;0;2;;;-1;2;Autovettura privata;In marcia / fermata / arresto;Conducente;F;Illeso;0;;Non accertato;Inesistente
1828490;1;14/02/2010 01:00;Strada Urbana;VIA LABICANA;in prossimità;;del civico n. ;50;;Veicolo in marcia contro veicolo fermo;Rettilineo;Una carreggiata a doppio senso;Asciutto;Asfaltata;Verticale ed orizzontale;Nuvoloso;Intenso;Buona;Sufficiente;2;0;0;2;;;-1;2;Autovettura privata;In marcia / fermata / arresto;Passeggero;F;Illeso;0;;Non accertato;Inesistente
1828491;1;14/02/2010 02:00;Strada Urbana;PIAZZA TESTACCIO;all'intersezione con;VIA LUCA DELLA ROBBIA;VIA LUCA DELLA ROBBIA;;;Scontro laterale fra veicoli in marcia;Incrocio;Una carreggiata a senso unico di marcia;Asciutto;Asfaltata;Assente;Sereno;Scarso;Buona;Sufficiente;0;0;0;4;;;-1;1;Autovettura privata;In marcia / fermata / arresto;Conducente;M;Illeso;0;;Utilizzato;Esploso
1828491;1;14/02/2010 02:00;Strada Urbana;PIAZZA TESTACCIO;all'intersezione con;VIA LUCA DELLA ROBBIA;VIA LUCA DELLA ROBBIA;;;Scontro laterale fra veicoli in marcia;Incrocio;Una carreggiata a senso unico di marcia;Asciutto;Asfaltata;Assente;Sereno;Scarso;Buona;Sufficiente;0;0;0;4;;;-1;2;Autovettura privata;In marcia / fermata / arresto;Conducente;M;Illeso;0;;Utilizzato;Inesistente
1828491;1;14/02/2010 02:00;Strada Urbana;PIAZZA TESTACCIO;all'intersezione con;VIA LUCA DELLA ROBBIA;VIA LUCA DELLA ROBBIA;;;Scontro laterale fra veicoli in marcia;Incrocio;Una carreggiata a senso unico di marcia;Asciutto;Asfaltata;Assente;Sereno;Scarso;Buona;Sufficiente;0;0;0;4;;;-1;2;Autovettura privata;In marcia / fermata / arresto;Passeggero;M;Illeso;0;;Non accertato;Inesistente
1828492;1;14/02/2010 18:20;Strada Urbana;LUNGOTEVERE DEI SANGALLO;in prossimità;;del palo luce n. ;13;;Veicolo in marcia contro veicolo in sosta;Rettilineo;Una carreggiata a senso unico di marcia;Asciutto;Asfaltata;Verticale ed orizzontale;Nuvoloso;Normale;Sufficiente;Sufficiente;1;0;0;1;;;-1;1;Autovettura privata;In marcia / fermata / arresto;Conducente;F;Ricoverato;0;NON DECEDUTO;Non accertato;Inesistente
1828492;1;14/02/2010 18:20;Strada Urbana;LUNGOTEVERE DEI SANGALLO;in prossimità;;del palo luce n. ;13;;Veicolo in marcia contro veicolo in sosta;Rettilineo;Una carreggiata a senso unico di marcia;Asciutto;Asfaltata;Verticale ed orizzontale;Nuvoloso;Normale;Sufficiente;Sufficiente;1;0;0;1;;;-1;1;Autovettura privata;In marcia / fermata / arresto;Passeggero;F;Illeso;0;;Non accertato;Inesistente
1828493;1;14/02/2010 23:00;Strada Urbana;VIA SAN MARTINO DELLA BATTAGLIA;all'intersezione semaforizzata con;VIA PALESTRO;VIA PALESTRO;;;Scontro frontale/laterale SX fra veicoli in marcia;Incrocio;Una carreggiata a doppio senso;Asciutto;Asfaltata;Verticale ed orizzontale;Nuvoloso;Scarso;Sufficiente;Sufficiente;5;0;0;1;;;-1;;;;Pedone;M;Illeso;0;;;
1828493;1;14/02/2010 23:00;Strada Urbana;VIA SAN MARTINO DELLA BATTAGLIA;all'intersezione semaforizzata con;VIA PALESTRO;VIA PALESTRO;;;Scontro frontale/laterale SX fra veicoli in marcia;Incrocio;Una carreggiata a doppio senso;Asciutto;Asfaltata;Verticale ed orizzontale;Nuvoloso;Scarso;Sufficiente;Sufficiente;5;0;0;1;;;-1;1;Autovettura di polizia;In marcia / fermata / arresto;Conducente;M;Ricoverato;0;NON DECEDUTO;Non accertato;Inesistente
1828493;1;14/02/2010 23:00;Strada Urbana;VIA SAN MARTINO DELLA BATTAGLIA;all'intersezione semaforizzata con;VIA PALESTRO;VIA PALESTRO;;;Scontro frontale/laterale SX fra veicoli in marcia;Incrocio;Una carreggiata a doppio senso;Asciutto;Asfaltata;Verticale ed orizzontale;Nuvoloso;Scarso;Sufficiente;Sufficiente;5;0;0;1;;;-1;1;Autovettura di polizia;In marcia / fermata / arresto;Passeggero;M;Rimandato;0;NON DECEDUTO;Non accertato;Inesistente
1828493;1;14/02/2010 23:00;Strada Urbana;VIA SAN MARTINO DELLA BATTAGLIA;all'intersezione semaforizzata con;VIA PALESTRO;VIA PALESTRO;;;Scontro frontale/laterale SX fra veicoli in marcia;Incrocio;Una carreggiata a doppio senso;Asciutto;Asfaltata;Verticale ed orizzontale;Nuvoloso;Scarso;Sufficiente;Sufficiente;5;0;0;1;;;-1;2;Autovettura privata;In marcia / fermata / arresto;Conducente;M;Rimandato;0;NON DECEDUTO;Non accertato;Inesistente
1828493;1;14/02/2010 23:00;Strada Urbana;VIA SAN MARTINO DELLA BATTAGLIA;all'intersezione semaforizzata con;VIA PALESTRO;VIA PALESTRO;;;Scontro frontale/laterale SX fra veicoli in marcia;Incrocio;Una carreggiata a doppio senso;Asciutto;Asfaltata;Verticale ed orizzontale;Nuvoloso;Scarso;Sufficiente;Sufficiente;5;0;0;1;;;-1;2;Autovettura privata;In marcia / fermata / arresto;Passeggero;M;Rimandato;0;NON DECEDUTO;Non accertato;Inesistente
1828493;1;14/02/2010 23:00;Strada Urbana;VIA SAN MARTINO DELLA BATTAGLIA;all'intersezione semaforizzata con;VIA PALESTRO;VIA PALESTRO;;;Scontro frontale/laterale SX fra veicoli in marcia;Incrocio;Una carreggiata a doppio senso;Asciutto;Asfaltata;Verticale ed orizzontale;Nuvoloso;Scarso;Sufficiente;Sufficiente;5;0;0;1;;;-1;2;Autovettura privata;In marcia / fermata / arresto;Passeggero;M;Rimandato;0;NON DECEDUTO;Non accertato;Inesistente
1828494;1;15/02/2010 01:10;Strada Urbana;LUNGOTEVERE DEI TEBALDI;in corrispondenza;;del palo luce n. ;4;;Veicolo in marcia contro veicolo in sosta;Curva a visuale libera;Una carreggiata a senso unico di marcia;Asciutto;Asfaltata;Verticale ed orizzontale;Sereno;Scarso;Buona;Sufficiente;0;0;0;3;;;-1;1;Autovettura privata;In marcia / fermata / arresto;Conducente;F;Illeso;0;;Non accertato;Inesistente
1828494;1;15/02/2010 01:10;Strada Urbana;LUNGOTEVERE DEI TEBALDI;in corrispondenza;;del palo luce n. ;4;;Veicolo in marcia contro veicolo in sosta;Curva a visuale libera;Una carreggiata a senso unico di marcia;Asciutto;Asfaltata;Verticale ed orizzontale;Sereno;Scarso;Buona;Sufficiente;0;0;0;3;;;-1;1;Autovettura privata;In marcia / fermata / arresto;Passeggero;F;Illeso;0;;Non accertato;Inesploso
1828494;1;15/02/2010 01:10;Strada Urbana;LUNGOTEVERE DEI TEBALDI;in corrispondenza;;del palo luce n. ;4;;Veicolo in marcia contro veicolo in sosta;Curva a visuale libera;Una carreggiata a senso unico di marcia;Asciutto;Asfaltata;Verticale ed orizzontale;Sereno;Scarso;Buona;Sufficiente;0;0;0;3;;;-1;1;Autovettura privata;In marcia / fermata / arresto;Passeggero;F;Illeso;0;;Non accertato;Inesploso
1828495;1;15/02/2010 04:30;Strada Urbana;VIALE MANZONI;all'intersezione semaforizzata con;VIA PRINCIPE EUGENIO;VIA PRINCIPE EUGENIO;;;Scontro frontale/laterale SX fra veicoli in marcia;Intersezione semaforizzata;Una carreggiata a doppio senso;Asciutto;Asfaltata;Verticale ed orizzontale;Sereno;Scarso;Buona;Sufficiente;1;0;0;2;;;-1;1;Autovettura privata;In marcia / fermata / arresto;Conducente;M;Illeso;0;;Non accertato;Inesistente
1828495;1;15/02/2010 04:30;Strada Urbana;VIALE MANZONI;all'intersezione semaforizzata con;VIA PRINCIPE EUGENIO;VIA PRINCIPE EUGENIO;;;Scontro frontale/laterale SX fra veicoli in marcia;Intersezione semaforizzata;Una carreggiata a doppio senso;Asciutto;Asfaltata;Verticale ed orizzontale;Sereno;Scarso;Buona;Sufficiente;1;0;0;2;;;-1;1;Autovettura privata;In marcia / fermata / arresto;Passeggero;F;Illeso;0;;Non accertato;Inesistente
1828495;1;15/02/2010 04:30;Strada Urbana;VIALE MANZONI;all'intersezione semaforizzata con;VIA PRINCIPE EUGENIO;VIA PRINCIPE EUGENIO;;;Scontro frontale/laterale SX fra veicoli in marcia;Intersezione semaforizzata;Una carreggiata a doppio senso;Asciutto;Asfaltata;Verticale ed orizzontale;Sereno;Scarso;Buona;Sufficiente;1;0;0;2;;;-1;2;Autovettura pubblica;In marcia / fermata / arresto;Conducente;M;Rifiuta cure immediate;0;NON DECEDUTO;Non accertato;Inesistente
1828496;1;15/02/2010 09:50;Strada Urbana;PIAZZA DI PORTA S. GIOVANNI;in prossimità;;del civico n. ;10;;Scontro frontale/laterale SX fra veicoli in marcia;Rettilineo;Una carreggiata a doppio senso;Asciutto;Asfaltata;Verticale ed orizzontale;Sereno;Normale;Buona;Ore Diurne;1;0;0;1;;;-1;1;Autovettura privata;In marcia / fermata / arresto;Conducente;M;Illeso;0;;Non accertato;Inesploso
1828496;1;15/02/2010 09:50;Strada Urbana;PIAZZA DI PORTA S. GIOVANNI;in prossimità;;del civico n. ;10;;Scontro frontale/laterale SX fra veicoli in marcia;Rettilineo;Una carreggiata a doppio senso;Asciutto;Asfaltata;Verticale ed orizzontale;Sereno;Normale;Buona;Ore Diurne;1;0;0;1;;;-1;2;Motociclo a solo;In marcia / fermata / arresto;Conducente;M;Rimandato;0;NON DECEDUTO;Non accertato;Inesistente
1828497;1;15/02/2010 13:05;Strada Urbana;VIA DEI CERCHI;in prossimità;;del civico n. ;55;;Tamponamento;Rettilineo;Una carreggiata a senso unico di marcia;Asciutto;In cubetti di porfido;Verticale ed orizzontale;Sereno;Normale;Buona;Ore Diurne;0;0;0;4;;;-1;1;Autovettura di polizia;In marcia / fermata / arresto;Conducente;M;Illeso;0;;Non accertato;Inesistente
1828497;1;15/02/2010 13:05;Strada Urbana;VIA DEI CERCHI;in prossimità;;del civico n. ;55;;Tamponamento;Rettilineo;Una carreggiata a senso unico di marcia;Asciutto;In cubetti di porfido;Verticale ed orizzontale;Sereno;Normale;Buona;Ore Diurne;0;0;0;4;;;-1;2;Autovettura privata;In marcia / fermata / arresto;Conducente;M;Illeso;0;;Non accertato;Inesistente
1828497;1;15/02/2010 13:05;Strada Urbana;VIA DEI CERCHI;in prossimità;;del civico n. ;55;;Tamponamento;Rettilineo;Una carreggiata a senso unico di marcia;Asciutto;In cubetti di porfido;Verticale ed orizzontale;Sereno;Normale;Buona;Ore Diurne;0;0;0;4;;;-1;2;Autovettura privata;In marcia / fermata / arresto;Passeggero;F;Illeso;0;;Non accertato;Inesistente
1828497;1;15/02/2010 13:05;Strada Urbana;VIA DEI CERCHI;in prossimità;;del civico n. ;55;;Tamponamento;Rettilineo;Una carreggiata a senso unico di marcia;Asciutto;In cubetti di porfido;Verticale ed orizzontale;Sereno;Normale;Buona;Ore Diurne;0;0;0;4;;;-1;2;Autovettura privata;In marcia / fermata / arresto;Passeggero;F;Illeso;0;;Non accertato;Inesistente
1828498;10;15/02/2010 10:00;Strada Urbana;VIA ROGHUDI;all'intersezione con;VIA CAMPO TENESE;VIA CAMPO TENESE;;;Scontro frontale/laterale DX fra veicoli in marcia;Incrocio;Una carreggiata a doppio senso;Asciutto;Asfaltata;Verticale;Nuvoloso;Normale;Buona;Ore Diurne;0;0;0;2;;;-1;1;Autovettura privata;In marcia / fermata / arresto;Conducente;M;Illeso;0;;Non accertato;Inesploso
1828498;10;15/02/2010 10:00;Strada Urbana;VIA ROGHUDI;all'intersezione con;VIA CAMPO TENESE;VIA CAMPO TENESE;;;Scontro frontale/laterale DX fra veicoli in marcia;Incrocio;Una carreggiata a doppio senso;Asciutto;Asfaltata;Verticale;Nuvoloso;Normale;Buona;Ore Diurne;0;0;0;2;;;-1;2;Autovettura privata;In marcia / fermata / arresto;Conducente;M;Illeso;0;;Non accertato;Inesploso
1828499;10;15/02/2010 13:25;Statale;VIA TUSCOLANA;da specificare;;;;civico 263 - ingresso Italcable;Scontro laterale fra veicoli in marcia;Rettilineo;Una carreggiata a senso unico di marcia;Asciutto;Asfaltata;Assente;Nuvoloso;Normale;Buona;Ore Diurne;0;0;0;3;;;-1;1;Autovettura privata;In marcia / fermata / arresto;Conducente;M;Illeso;0;;Non accertato;Inesploso
1828499;10;15/02/2010 13:25;Statale;VIA TUSCOLANA;da specificare;;;;civico 263 - ingresso Italcable;Scontro laterale fra veicoli in marcia;Rettilineo;Una carreggiata a senso unico di marcia;Asciutto;Asfaltata;Assente;Nuvoloso;Normale;Buona;Ore Diurne;0;0;0;3;;;-1;2;Autovettura privata;In marcia / fermata / arresto;Conducente;M;Illeso;0;;Non accertato;Inesploso
1828499;10;15/02/2010 13:25;Statale;VIA TUSCOLANA;da specificare;;;;civico 263 - ingresso Italcable;Scontro laterale fra veicoli in marcia;Rettilineo;Una carreggiata a senso unico di marcia;Asciutto;Asfaltata;Assente;Nuvoloso;Normale;Buona;Ore Diurne;0;0;0;3;;;-1;2;Autovettura privata;In marcia / fermata / arresto;Passeggero;M;Illeso;0;;Non accertato;Inesistente
1828500;10;15/02/2010 17:15;Strada Urbana;VIA DELLA STAZIONE DI CIAMPINO;in corrispondenza;;del civico n. ;43;;Scontro frontale/laterale DX fra veicoli in marcia;Rettilineo;Una carreggiata a doppio senso;Asciutto;Asfaltata;Orizzontale;Sereno;Intenso;Buona;Ore Diurne;1;0;0;1;;;-1;1;Autovettura privata;In marcia / fermata / arresto;Conducente;M;Illeso;0;;Non accertato;Inesistente
1828500;10;15/02/2010 17:15;Strada Urbana;VIA DELLA STAZIONE DI CIAMPINO;in corrispondenza;;del civico n. ;43;;Scontro frontale/laterale DX fra veicoli in marcia;Rettilineo;Una carreggiata a doppio senso;Asciutto;Asfaltata;Orizzontale;Sereno;Intenso;Buona;Ore Diurne;1;0;0;1;;;-1;2;Motociclo a solo;In marcia / fermata / arresto;Conducente;M;Rifiuta cure immediate;0;NON DECEDUTO;Non accertato;Inesistente
1828501;10;15/02/2010 18:45;Strada Urbana;VIA SCRIBONIO CURIONE;in corrispondenza;;del civico n. ;3;;Investimento di pedone;Rettilineo;Due carreggiate;Asciutto;Asfaltata;Orizzontale;Sereno;Intenso;Buona;Sufficiente;1;0;0;1;;;-1;;;;Pedone;F;Rimandato;0;NON DECEDUTO;;
1828501;10;15/02/2010 18:45;Strada Urbana;VIA SCRIBONIO CURIONE;in corrispondenza;;del civico n. ;3;;Investimento di pedone;Rettilineo;Due carreggiate;Asciutto;Asfaltata;Orizzontale;Sereno;Intenso;Buona;Sufficiente;1;0;0;1;;;-1;1;Autovettura privata;In marcia / fermata / arresto;Conducente;M;Illeso;0;;Non accertato;Inesistente
1828506;11;10/02/2010 14:15;Strada Urbana;VIALE LEONARDO DA VINCI;all'intersezione con;VIA ANTONINO PIO;VIA ANTONINO PIO;;;Scontro frontale fra veicoli in marcia;Incrocio;Più di due carreggiate;Bagnato (pioggia);Asfaltata;Verticale ed orizzontale;Pioggia in atto;Normale;Buona;Ore Diurne;0;0;0;2;;;-1;1;Autovettura privata;In marcia / fermata / arresto;Conducente;M;Illeso;0;;Non accertato;Inesploso
1828506;11;10/02/2010 14:15;Strada Urbana;VIALE LEONARDO DA VINCI;all'intersezione con;VIA ANTONINO PIO;VIA ANTONINO PIO;;;Scontro frontale fra veicoli in marcia;Incrocio;Più di due carreggiate;Bagnato (pioggia);Asfaltata;Verticale ed orizzontale;Pioggia in atto;Normale;Buona;Ore Diurne;0;0;0;2;;;-1;1;Autovettura privata;In marcia / fermata / arresto;Passeggero;M;Illeso;0;;Non accertato;Inesploso
1828507;12;13/02/2010 09:00;Strada Urbana;VIA DEI PAPIRI;in corrispondenza;;del civico n. ;62;;Investimento di pedone;Rettilineo;Una carreggiata a doppio senso;Ghiacciato;Asfaltata;Verticale;Sereno;Scarso;Buona;Ore Diurne;1;0;0;2;;;-1;;;;Pedone;F;Rimandato;0;NON DECEDUTO;;
1828507;12;13/02/2010 09:00;Strada Urbana;VIA DEI PAPIRI;in corrispondenza;;del civico n. ;62;;Investimento di pedone;Rettilineo;Una carreggiata a doppio senso;Ghiacciato;Asfaltata;Verticale;Sereno;Scarso;Buona;Ore Diurne;1;0;0;2;;;-1;1;Autobus di linea;In marcia / fermata / arresto;Conducente;M;Illeso;0;;Esente;Inesploso
1828507;12;13/02/2010 09:00;Strada Urbana;VIA DEI PAPIRI;in corrispondenza;;del civico n. ;62;;Investimento di pedone;Rettilineo;Una carreggiata a doppio senso;Ghiacciato;Asfaltata;Verticale;Sereno;Scarso;Buona;Ore Diurne;1;0;0;2;;;-1;2;Autovettura privata;In marcia / fermata / arresto;Conducente;M;Illeso;0;;Utilizzato;Inesploso
1828508;12;13/02/2010 16:00;Strada Urbana;VIA FRANCESCO DE SUPPE';da specificare;;;;alt ingresso parcheggio Metro Laurentina ;Veicolo in marcia contro ostacolo accidentale;Curva a visuale libera;Una carreggiata a senso unico di marcia;Asciutto;Asfaltata;Verticale ed orizzontale;Sereno;Scarso;Buona;Ore Diurne;0;0;0;2;;;-1;1;Autovettura privata;In marcia / fermata / arresto;Conducente;M;Illeso;0;;Utilizzato;Inesistente
1828508;12;13/02/2010 16:00;Strada Urbana;VIA FRANCESCO DE SUPPE';da specificare;;;;alt ingresso parcheggio Metro Laurentina ;Veicolo in marcia contro ostacolo accidentale;Curva a visuale libera;Una carreggiata a senso unico di marcia;Asciutto;Asfaltata;Verticale ed orizzontale;Sereno;Scarso;Buona;Ore Diurne;0;0;0;2;;;-1;1;Autovettura privata;In marcia / fermata / arresto;Passeggero;F;Illeso;0;;Utilizzato;Inesistente
1828509;12;14/02/2010 00:05;Strada Urbana;VIA DI DECIMA;all'intersezione con;VIA DEL PIANETA TERRA;VIA DEL PIANETA TERRA;;;Veicolo in marcia contro ostacolo fisso;Intersezione stradale segnalata;Due carreggiate;Bagnato (umidità in atto);Asfaltata;Verticale ed orizzontale;Nuvoloso;Scarso;Sufficiente;Sufficiente;3;0;0;0;;;-1;1;Quadriciclo leggero;In marcia / fermata / arresto;Conducente;M;Rimandato;0;NON DECEDUTO;Utilizzato;Inesistente
1828509;12;14/02/2010 00:05;Strada Urbana;VIA DI DECIMA;all'intersezione con;VIA DEL PIANETA TERRA;VIA DEL PIANETA TERRA;;;Veicolo in marcia contro ostacolo fisso;Intersezione stradale segnalata;Due carreggiate;Bagnato (umidità in atto);Asfaltata;Verticale ed orizzontale;Nuvoloso;Scarso;Sufficiente;Sufficiente;3;0;0;0;;;-1;1;Quadriciclo leggero;In marcia / fermata / arresto;Passeggero;F;Rimandato;0;NON DECEDUTO;Utilizzato;Inesistente
1828509;12;14/02/2010 00:05;Strada Urbana;VIA DI DECIMA;all'intersezione con;VIA DEL PIANETA TERRA;VIA DEL PIANETA TERRA;;;Veicolo in marcia contro ostacolo fisso;Intersezione stradale segnalata;Due carreggiate;Bagnato (umidità in atto);Asfaltata;Verticale ed orizzontale;Nuvoloso;Scarso;Sufficiente;Sufficiente;3;0;0;0;;;-1;1;Quadriciclo leggero;In marcia / fermata / arresto;Passeggero;F;Ricoverato;0;NON DECEDUTO;Non utilizzato;Inesistente
1828510;12;14/02/2010 00:30;Strada Urbana;VIA DEL PIANETA TERRA;in corrispondenza;;del civico n. ;101;;Scontro frontale/laterale SX fra veicoli in marcia;Rettilineo;Una carreggiata a doppio senso;Asciutto;Asfaltata;Verticale ed orizzontale;Sereno;Scarso;Buona;Sufficiente;0;0;0;5;;;-1;1;Autovettura privata;In marcia / fermata / arresto;Conducente;M;Illeso;0;;Utilizzato;Inesploso