Protocollo;Gruppo;DataOraIncidente;Localizzazione1;STRADA1;Localizzazione2;STRADA2;Strada02;Chilometrica;DaSpecificare;NaturaIncidente;particolaritastrade;TipoStrada;FondoStradale;Pavimentazione;Segnaletica;CondizioneAtmosferica;Traffico;Visibilita;Illuminazione;NUM_FERITI;NUM_RISERVATA;NUM_MORTI;NUM_ILLESI;Longitudine;Latitudine;Confermato;Progressivo;TipoVeicolo;StatoVeicolo;TipoPersona;Sesso;Tipolesione;Deceduto;DecedutoDopo;CinturaCascoUtilizzato;Airbag
1828544;18;13/02/2010 07:30;Strada Urbana;VIA DI TORREVECCHIA;all'intersezione semaforizzata con;VIA DI BOCCEA;VIA DI BOCCEA;;;Scontro laterale fra veicoli in marcia;Intersezione semaforizzata;Una carreggiata a doppio senso;Bagnato (umidità in atto);Asfaltata;Verticale ed orizzontale;Sereno;Scarso;Buona;Ore Diurne;0;0;0;4;;;-1;1;Autovettura privata;In marcia / fermata / arresto;Conducente;M;Illeso;0;;Non accertato;Inesistente
1828544;18;13/02/2010 07:30;Strada Urbana;VIA DI TORREVECCHIA;all'intersezione semaforizzata con;VIA DI BOCCEA;VIA DI BOCCEA;;;Scontro laterale fra veicoli in marcia;Intersezione semaforizzata;Una carreggiata a doppio senso;Bagnato (umidità in atto);Asfaltata;Verticale ed orizzontale;Sereno;Scarso;Buona;Ore Diurne;0;0;0;4;;;-1;2;Autovettura privata;In marcia / fermata / arresto;Conducente;M;Illeso;0;;Non accertato;Inesistente
1828544;18;13/02/2010 07:30;Strada Urbana;VIA DI TORREVECCHIA;all'intersezione semaforizzata con;VIA DI BOCCEA;VIA DI BOCCEA;;;Scontro laterale fra veicoli in marcia;Intersezione semaforizzata;Una carreggiata a doppio senso;Bagnato (umidità in atto);Asfaltata;Verticale ed orizzontale;Sereno;Scarso;Buona;Ore Diurne;0;0;0;4;;;-1;2;Autovettura privata;In marcia / fermata / arresto;Passeggero;M;Illeso;0;;Non accertato;Inesistente
1828544;18;13/02/2010 07:30;Strada Urbana;VIA DI TORREVECCHIA;all'intersezione semaforizzata con;VIA DI BOCCEA;VIA DI BOCCEA;;;Scontro laterale fra veicoli in marcia;Intersezione semaforizzata;Una carreggiata a doppio senso;Bagnato (umidità in atto);Asfaltata;Verticale ed orizzontale;Sereno;Scarso;Buona;Ore Diurne;0;0;0;4;;;-1;2;Autovettura privata;In marcia / fermata / arresto;Passeggero;M;Illeso;0;;Non accertato;Inesistente
1828545;18;13/02/2010 12:20;Comunale extraurbana;VIA AURELIA;in prossimità;;del civico n. ;1100;;Scontro frontale fra veicoli in marcia;Curva senza visuale libera;Una carreggiata a doppio senso;Asciutto;Asfaltata;Assente;Sereno;Scarso;Buona;Ore Diurne;1;0;0;1;;;-1;1;Autovettura privata;In marcia / fermata / arresto;Conducente;F;Illeso;0;;Non accertato;Inesploso
1828545;18;13/02/2010 12:20;Comunale extraurbana;VIA AURELIA;in prossimità;;del civico n. ;1100;;Scontro frontale fra veicoli in marcia;Curva senza visuale libera;Una carreggiata a doppio senso;Asciutto;Asfaltata;Assente;Sereno;Scarso;Buona;Ore Diurne;1;0;0;1;;;-1;2;Motociclo a solo;In marcia / fermata / arresto;Conducente;M;Rimandato;0;NON DECEDUTO;Non accertato;Inesistente
1828546;18;13/02/2010 13:00;Strada Urbana;VIA DELLA PINETA SACCHETTI;in corrispondenza;;del civico n. ;78;;Tamponamento Multiplo;Rettilineo;Una carreggiata a doppio senso;Asciutto;Asfaltata;Verticale ed orizzontale;Sereno;Normale;Buona;Ore Diurne;1;0;0;2;;;-1;1;Autovettura privata;In marcia / fermata / arresto;Conducente;F;Illeso;0;;Non accertato;Inesploso
1828546;18;13/02/2010 13:00;Strada Urbana;VIA DELLA PINETA SACCHETTI;in corrispondenza;;del civico n. ;78;;Tamponamento Multiplo;Rettilineo;Una carreggiata a doppio senso;Asciutto;Asfaltata;Verticale ed orizzontale;Sereno;Normale;Buona;Ore Diurne;1;0;0;2;;;-1;2;Autovettura privata;In marcia / fermata / arresto;Conducente;M;Rifiuta cure immediate;0;NON DECEDUTO;Non accertato;Inesploso
1828546;18;13/02/2010 13:00;Strada Urbana;VIA DELLA PINETA SACCHETTI;in corrispondenza;;del civico n. ;78;;Tamponamento Multiplo;Rettilineo;Una carreggiata a doppio senso;Asciutto;Asfaltata;Verticale ed orizzontale;Sereno;Normale;Buona;Ore Diurne;1;0;0;2;;;-1;3;Autovettura privata;In marcia / fermata / arresto;Conducente;M;Illeso;0;;Non accertato;Inesploso
1828547;18;13/02/2010 15:40;Strada Urbana;VIA DELLA PINETA SACCHETTI;in prossimità;;del civico n. ;55;;Tamponamento;Rettilineo;Una carreggiata a doppio senso;Asciutto;Asfaltata;Verticale ed orizzontale;Sereno;Normale;Buona;Ore Diurne;1;0;0;1;;;-1;1;Autobus urbano;In marcia / fermata / arresto;Conducente;M;Illeso;0;;Esente;Inesploso
1828547;18;13/02/2010 15:40;Strada Urbana;VIA DELLA PINETA SACCHETTI;in prossimità;;del civico n. ;55;;Tamponamento;Rettilineo;Una carreggiata a doppio senso;Asciutto;Asfaltata;Verticale ed orizzontale;Sereno;Normale;Buona;Ore Diurne;1;0;0;1;;;-1;2;Autovettura privata;In marcia / fermata / arresto;Conducente;M;Rifiuta cure immediate;0;NON DECEDUTO;Non accertato;Inesploso
1828548;18;13/02/2010 20:00;Strada Urbana;VIA DI BOCCEA;all'intersezione con;LARGO GREGORIO XIII;LARGO GREGORIO XIII;;;Scontro laterale fra veicoli in marcia;Intersezione stradale segnalata;Una carreggiata a doppio senso;Asciutto;Asfaltata;Verticale ed orizzontale;Sereno;Normale;Buona;Sufficiente;1;0;0;1;;;-1;1;Motociclo a solo;In marcia / fermata / arresto;Conducente;M;Rifiuta cure immediate;0;NON DECEDUTO;Utilizzato;Inesistente
1828548;18;13/02/2010 20:00;Strada Urbana;VIA DI BOCCEA;all'intersezione con;LARGO GREGORIO XIII;LARGO GREGORIO XIII;;;Scontro laterale fra veicoli in marcia;Intersezione stradale segnalata;Una carreggiata a doppio senso;Asciutto;Asfaltata;Verticale ed orizzontale;Sereno;Normale;Buona;Sufficiente;1;0;0;1;;;-1;2;Autovettura privata;In marcia / fermata / arresto;Conducente;F;Illeso;0;;Non accertato;Inesploso
1828549;18;13/02/2010 22:45;Strada Urbana;VIA GREGORIO VII;in prossimità;;del civico n. ;496;;Scontro frontale/laterale SX fra veicoli in marcia;Rettilineo;Più di due carreggiate;Asciutto;Asfaltata;Verticale ed orizzontale;Sereno;Scarso;Sufficiente;Sufficiente;1;0;0;4;;;-1;1;Autovettura privata;In marcia / fermata / arresto;Conducente;F;Rifiuta cure immediate;0;NON DECEDUTO;Non accertato;Inesploso
1828549;18;13/02/2010 22:45;Strada Urbana;VIA GREGORIO VII;in prossimità;;del civico n. ;496;;Scontro frontale/laterale SX fra veicoli in marcia;Rettilineo;Più di due carreggiate;Asciutto;Asfaltata;Verticale ed orizzontale;Sereno;Scarso;Sufficiente;Sufficiente;1;0;0;4;;;-1;1;Autovettura privata;In marcia / fermata / arresto;Passeggero;F;Illeso;0;;Non accertato;Inesistente
1828549;18;13/02/2010 22:45;Strada Urbana;VIA GREGORIO VII;in prossimità;;del civico n. ;496;;Scontro frontale/laterale SX fra veicoli in marcia;Rettilineo;Più di due carreggiate;Asciutto;Asfaltata;Verticale ed orizzontale;Sereno;Scarso;Sufficiente;Sufficiente;1;0;0;4;;;-1;1;Autovettura privata;In marcia / fermata / arresto;Passeggero;F;Illeso;0;;Non accertato;Inesistente
1828549;18;13/02/2010 22:45;Strada Urbana;VIA GREGORIO VII;in prossimità;;del civico n. ;496;;Scontro frontale/laterale SX fra veicoli in marcia;Rettilineo;Più di due carreggiate;Asciutto;Asfaltata;Verticale ed orizzontale;Sereno;Scarso;Sufficiente;Sufficiente;1;0;0;4;;;-1;2;Autobus di linea;In marcia / fermata / arresto;Conducente;M;Illeso;0;;Esente;Inesistente
1828550;18;15/02/2010 15:20;Strada Urbana;VIA DELLA MAGLIANELLA;da specificare;;;;altezza  civ. 209 ingresso GRA;Scontro frontale fra veicoli in marcia;Rettilineo;Più di due carreggiate;Asciutto;Asfaltata;Verticale ed orizzontale;Nuvoloso;Scarso;Buona;Ore Diurne;1;0;0;5;;;-1;1;Autovettura privata;In marcia / fermata / arresto;Conducente;M;Illeso;0;;Non accertato;Inesistente
1828550;18;15/02/2010 15:20;Strada Urbana;VIA DELLA MAGLIANELLA;da specificare;;;;altezza  civ. 209 ingresso GRA;Scontro frontale fra veicoli in marcia;Rettilineo;Più di due carreggiate;Asciutto;Asfaltata;Verticale ed orizzontale;Nuvoloso;Scarso;Buona;Ore Diurne;1;0;0;5;;;-1;1;Autovettura privata;In marcia / fermata / arresto;Passeggero;M;Illeso;0;;Non accertato;Inesistente
1828550;18;15/02/2010 15:20;Strada Urbana;VIA DELLA MAGLIANELLA;da specificare;;;;altezza  civ. 209 ingresso GRA;Scontro frontale fra veicoli in marcia;Rettilineo;Più di due carreggiate;Asciutto;Asfaltata;Verticale ed orizzontale;Nuvoloso;Scarso;Buona;Ore Diurne;1;0;0;5;;;-1;1;Autovettura privata;In marcia / fermata / arresto;Passeggero;M;Illeso;0;;Non accertato;Inesistente
1828550;18;15/02/2010 15:20;Strada Urbana;VIA DELLA MAGLIANELLA;da specificare;;;;altezza  civ. 209 ingresso GRA;Scontro frontale fra veicoli in marcia;Rettilineo;Più di due carreggiate;Asciutto;Asfaltata;Verticale ed orizzontale;Nuvoloso;Scarso;Buona;Ore Diurne;1;0;0;5;;;-1;1;Autovettura privata;In marcia / fermata / arresto;Passeggero;M;Illeso;0;;Non accertato;Inesistente
1828550;18;15/02/2010 15:20;Strada Urbana;VIA DELLA MAGLIANELLA;da specificare;;;;altezza  civ. 209 ingresso GRA;Scontro frontale fra veicoli in marcia;Rettilineo;Più di due carreggiate;Asciutto;Asfaltata;Verticale ed orizzontale;Nuvoloso;Scarso;Buona;Ore Diurne;1;0;0;5;;;-1;2;Autovettura privata;In marcia / fermata / arresto;Conducente;M;Rifiuta cure immediate;0;NON DECEDUTO;Non accertato;Inesistente
1828550;18;15/02/2010 15:20;Strada Urbana;VIA DELLA MAGLIANELLA;da specificare;;;;altezza  civ. 209 ingresso GRA;Scontro frontale fra veicoli in marcia;Rettilineo;Più di due carreggiate;Asciutto;Asfaltata;Verticale ed orizzontale;Nuvoloso;Scarso;Buona;Ore Diurne;1;0;0;5;;;-1;3;Autovettura privata;In marcia / fermata / arresto;Conducente;M;Illeso;0;;Utilizzato;Esploso
1828551;18;15/02/2010 19:15;Strada Urbana;VIA DI BOCCEA;in corrispondenza;;del civico n. ;51/C;;Investimento di pedone;Rettilineo;Una carreggiata a doppio senso;Bagnato (pioggia);Asfaltata;Verticale ed orizzontale;Pioggia in atto;Normale;Buona;Sufficiente;1;0;0;1;;;-1;;;;Pedone;F;Rimandato;0;NON DECEDUTO;;
1828551;18;15/02/2010 19:15;Strada Urbana;VIA DI BOCCEA;in corrispondenza;;del civico n. ;51/C;;Investimento di pedone;Rettilineo;Una carreggiata a doppio senso;Bagnato (pioggia);Asfaltata;Verticale ed orizzontale;Pioggia in atto;Normale;Buona;Sufficiente;1;0;0;1;;;-1;1;Motociclo a solo;In marcia / fermata / arresto;Conducente;M;Illeso;0;;Utilizzato;Inesistente
1828552;19;15/02/2010 18:55;Strada Urbana;VIA FEDERICO BORROMEO;in prossimità;;del civico n. ;74;;Investimento di pedone;Rettilineo;Una carreggiata a doppio senso;Bagnato (pioggia);Asfaltata;Orizzontale;Pioggia in atto;Normale;Buona;Sufficiente;1;0;0;3;;;-1;;;;Pedone;F;Rimandato;0;NON DECEDUTO;;
1828552;19;15/02/2010 18:55;Strada Urbana;VIA FEDERICO BORROMEO;in prossimità;;del civico n. ;74;;Investimento di pedone;Rettilineo;Una carreggiata a doppio senso;Bagnato (pioggia);Asfaltata;Orizzontale;Pioggia in atto;Normale;Buona;Sufficiente;1;0;0;3;;;-1;1;Autovettura privata;In marcia / fermata / arresto;Conducente;M;Illeso;0;;Non accertato;Inesistente
1828552;19;15/02/2010 18:55;Strada Urbana;VIA FEDERICO BORROMEO;in prossimità;;del civico n. ;74;;Investimento di pedone;Rettilineo;Una carreggiata a doppio senso;Bagnato (pioggia);Asfaltata;Orizzontale;Pioggia in atto;Normale;Buona;Sufficiente;1;0;0;3;;;-1;1;Autovettura privata;In marcia / fermata / arresto;Passeggero;F;Illeso;0;;Non accertato;Inesistente
1828552;19;15/02/2010 18:55;Strada Urbana;VIA FEDERICO BORROMEO;in prossimità;;del civico n. ;74;;Investimento di pedone;Rettilineo;Una carreggiata a doppio senso;Bagnato (pioggia);Asfaltata;Orizzontale;Pioggia in atto;Normale;Buona;Sufficiente;1;0;0;3;;;-1;1;Autovettura privata;In marcia / fermata / arresto;Passeggero;M;Illeso;0;;Non accertato;Inesistente
1828553;20;12/02/2010 11:00;Strada Urbana;VIA GUIDO MIOTTO;in corrispondenza;;del civico n. ;38;;Tamponamento;Rettilineo;Una carreggiata a doppio senso;Con neve;Asfaltata;Verticale ed orizzontale;Nevicata in atto;Normale;Buona;Ore Diurne;1;0;0;1;;;-1;1;Autobus urbano;In marcia / fermata / arresto;Conducente;M;Illeso;0;;Non accertato;Inesistente
1828553;20;12/02/2010 11:00;Strada Urbana;VIA GUIDO MIOTTO;in corrispondenza;;del civico n. ;38;;Tamponamento;Rettilineo;Una carreggiata a doppio senso;Con neve;Asfaltata;Verticale ed orizzontale;Nevicata in atto;Normale;Buona;Ore Diurne;1;0;0;1;;;-1;2;Autovettura privata;In marcia / fermata / arresto;Conducente;M;Rifiuta cure immediate;0;NON DECEDUTO;Non accertato;Inesistente
1828554;20;15/02/2010 13:00;Strada Urbana;GALLERIA GIOVANNI XXIII;da specificare;;;;Uscita via Pineta Sacchetti;Veicolo in marcia contro ostacolo accidentale;Curva a visuale libera;Una carreggiata a senso unico di marcia;Sdrucciolevole (terriccio);Asfaltata;Orizzontale;Sereno;Normale;Sufficiente;Ore Diurne;0;0;0;1;;;-1;1;Autovettura privata;In marcia / fermata / arresto;Conducente;F;Illeso;0;;Non accertato;Inesistente
1828555;20;15/02/2010 14:30;Statale entro l'abitato;VIA FLAMINIA;in prossimità;;del civico n. ;854;;Scontro frontale/laterale SX fra veicoli in marcia;Dosso;Due carreggiate;Asciutto;Asfaltata;Verticale ed orizzontale;Nuvoloso;Intenso;Buona;Ore Diurne;0;0;0;2;;;-1;1;Autovettura privata;In marcia / fermata / arresto;Conducente;M;Illeso;0;;Non accertato;Inesploso
1828555;20;15/02/2010 14:30;Statale entro l'abitato;VIA FLAMINIA;in prossimità;;del civico n. ;854;;Scontro frontale/laterale SX fra veicoli in marcia;Dosso;Due carreggiate;Asciutto;Asfaltata;Verticale ed orizzontale;Nuvoloso;Intenso;Buona;Ore Diurne;0;0;0;2;;;-1;2;Autovettura privata;In marcia / fermata / arresto;Conducente;M;Illeso;0;;Non accertato;Inesploso
1828556;20;15/02/2010 18:30;Strada Urbana;PIAZZA MANFREDI AZZARITA;da specificare;;;;fronte civico 1;Scontro frontale/laterale DX fra veicoli in marcia;Rettilineo;Una carreggiata a doppio senso;Bagnato (pioggia);Asfaltata;Verticale ed orizzontale;Pioggia in atto;Scarso;Buona;Sufficiente;0;0;0;3;;;-1;1;Autovettura privata;In marcia / fermata / arresto;Conducente;M;Illeso;0;;Non accertato;Inesploso
1828556;20;15/02/2010 18:30;Strada Urbana;PIAZZA MANFREDI AZZARITA;da specificare;;;;fronte civico 1;Scontro frontale/laterale DX fra veicoli in marcia;Rettilineo;Una carreggiata a doppio senso;Bagnato (pioggia);Asfaltata;Verticale ed orizzontale;Pioggia in atto;Scarso;Buona;Sufficiente;0;0;0;3;;;-1;2;Autocarro inferiore 35 q.;In marcia / fermata / arresto;Conducente;M;Illeso;0;;Non accertato;Inesploso
1828556;20;15/02/2010 18:30;Strada Urbana;PIAZZA MANFREDI AZZARITA;da specificare;;;;fronte civico 1;Scontro frontale/laterale DX fra veicoli in marcia;Rettilineo;Una carreggiata a doppio senso;Bagnato (pioggia);Asfaltata;Verticale ed orizzontale;Pioggia in atto;Scarso;Buona;Sufficiente;0;0;0;3;;;-1;2;Autocarro inferiore 35 q.;In marcia / fermata / arresto;Passeggero;F;Illeso;0;;Non accertato;Inesploso
1828558;3;12/02/2010 11:00;Strada Urbana;VIA DEI RAMNI;da specificare;;;;IN PROSSIMITA' VIA DEI LIBURNI;Tamponamento;Rettilineo;Due carreggiate;Con neve;Asfaltata;Verticale ed orizzontale;Nevicata in atto;Normale;Sufficiente;Ore Diurne;0;0;0;4;;;-1;1;Autovettura privata;In marcia / fermata / arresto;Conducente;M;Illeso;0;;Non accertato;Inesistente
1828558;3;12/02/2010 11:00;Strada Urbana;VIA DEI RAMNI;da specificare;;;;IN PROSSIMITA' VIA DEI LIBURNI;Tamponamento;Rettilineo;Due carreggiate;Con neve;Asfaltata;Verticale ed orizzontale;Nevicata in atto;Normale;Sufficiente;Ore Diurne;0;0;0;4;;;-1;1;Autovettura privata;In marcia / fermata / arresto;Passeggero;F;Illeso;0;;Utilizzato;Inesploso
1828558;3;12/02/2010 11:00;Strada Urbana;VIA DEI RAMNI;da specificare;;;;IN PROSSIMITA' VIA DEI LIBURNI;Tamponamento;Rettilineo;Due carreggiate;Con neve;Asfaltata;Verticale ed orizzontale;Nevicata in atto;Normale;Sufficiente;Ore Diurne;0;0;0;4;;;-1;1;Autovettura privata;In marcia / fermata / arresto;Passeggero;M;Illeso;0;;Utilizzato;Inesploso
1828558;3;12/02/2010 11:00;Strada Urbana;VIA DEI RAMNI;da specificare;;;;IN PROSSIMITA' VIA DEI LIBURNI;Tamponamento;Rettilineo;Due carreggiate;Con neve;Asfaltata;Verticale ed orizzontale;Nevicata in atto;Normale;Sufficiente;Ore Diurne;0;0;0;4;;;-1;2;Autovettura privata;In marcia / fermata / arresto;Conducente;F;Illeso;0;;Non accertato;Inesistente
1828559;3;12/02/2010 14:30;Strada Urbana;CIRCONVALLAZIONE TIBURTINA;da specificare;;;;DIR. VIA SALARIA ALT. EASYBOX IN PROSS. PALO LUCE ;Tamponamento Multiplo;Rettilineo;Più di due carreggiate;Bagnato (pioggia);Asfaltata;Verticale ed orizzontale;Pioggia in atto;Intenso;Buona;Ore Diurne;0;0;0;3;;;-1;1;Autovettura privata;In marcia / fermata / arresto;Conducente;M;Illeso;0;;Non accertato;Inesistente
1828559;3;12/02/2010 14:30;Strada Urbana;CIRCONVALLAZIONE TIBURTINA;da specificare;;;;DIR. VIA SALARIA ALT. EASYBOX IN PROSS. PALO LUCE ;Tamponamento Multiplo;Rettilineo;Più di due carreggiate;Bagnato (pioggia);Asfaltata;Verticale ed orizzontale;Pioggia in atto;Intenso;Buona;Ore Diurne;0;0;0;3;;;-1;2;Autovettura privata;In marcia / fermata / arresto;Conducente;F;Illeso;0;;Non accertato;Inesistente
1828559;3;12/02/2010 14:30;Strada Urbana;CIRCONVALLAZIONE TIBURTINA;da specificare;;;;DIR. VIA SALARIA ALT. EASYBOX IN PROSS. PALO LUCE ;Tamponamento Multiplo;Rettilineo;Più di due carreggiate;Bagnato (pioggia);Asfaltata;Verticale ed orizzontale;Pioggia in atto;Intenso;Buona;Ore Diurne;0;0;0;3;;;-1;3;Autovettura privata;In marcia / fermata / arresto;Conducente;M;Illeso;0;;Non accertato;Inesistente
1828560;3;12/02/2010 19:30;Strada Urbana;VIA COSTANTINO CORVISIERI;all'intersezione con;VIA FELICE GROSSI GONDI;VIA FELICE GROSSI GONDI;;;Scontro laterale fra veicoli in marcia;Intersezione stradale segnalata;Una carreggiata a senso unico di marcia;Bagnato (umidità in atto);Asfaltata;Verticale ed orizzontale;Nuvoloso;Normale;Sufficiente;Sufficiente;1;0;0;2;;;-1;1;Autovettura privata;In marcia / fermata / arresto;Conducente;F;Rimandato;0;NON DECEDUTO;Non accertato;Inesistente
1828560;3;12/02/2010 19:30;Strada Urbana;VIA COSTANTINO CORVISIERI;all'intersezione con;VIA FELICE GROSSI GONDI;VIA FELICE GROSSI GONDI;;;Scontro laterale fra veicoli in marcia;Intersezione stradale segnalata;Una carreggiata a senso unico di marcia;Bagnato (umidità in atto);Asfaltata;Verticale ed orizzontale;Nuvoloso;Normale;Sufficiente;Sufficiente;1;0;0;2;;;-1;2;Autovettura privata;In marcia / fermata / arresto;Conducente;M;Illeso;0;;Non accertato;Inesistente
1828560;3;12/02/2010 19:30;Strada Urbana;VIA COSTANTINO CORVISIERI;all'intersezione con;VIA FELICE GROSSI GONDI;VIA FELICE GROSSI GONDI;;;Scontro laterale fra veicoli in marcia;Intersezione stradale segnalata;Una carreggiata a senso unico di marcia;Bagnato (umidità in atto);Asfaltata;Verticale ed orizzontale;Nuvoloso;Normale;Sufficiente;Sufficiente;1;0;0;2;;;-1;2;Autovettura privata;In marcia / fermata / arresto;Passeggero;M;Illeso;0;;Non accertato;Esploso
1828561;3;13/02/2010 09:30;Strada Urbana;VIA LORENZO IL MAGNIFICO;all'intersezione con;VIA MATILDE DI CANOSSA;VIA MATILDE DI CANOSSA;;;Scontro frontale/laterale SX fra veicoli in marcia;Intersezione stradale segnalata;Una carreggiata a doppio senso;Bagnato (brina);Asfaltata;Verticale ed orizzontale;Sereno;Scarso;Buona;Ore Diurne;0;0;0;3;;;-1;1;Autovettura privata;In marcia / fermata / arresto;Conducente;M;Illeso;0;;Non accertato;Inesistente
1828561;3;13/02/2010 09:30;Strada Urbana;VIA LORENZO IL MAGNIFICO;all'intersezione con;VIA MATILDE DI CANOSSA;VIA MATILDE DI CANOSSA;;;Scontro frontale/laterale SX fra veicoli in marcia;Intersezione stradale segnalata;Una carreggiata a doppio senso;Bagnato (brina);Asfaltata;Verticale ed orizzontale;Sereno;Scarso;Buona;Ore Diurne;0;0;0;3;;;-1;1;Autovettura privata;In marcia / fermata / arresto;Passeggero;F;Illeso;0;;Utilizzato;Inesploso
1828561;3;13/02/2010 09:30;Strada Urbana;VIA LORENZO IL MAGNIFICO;all'intersezione con;VIA MATILDE DI CANOSSA;VIA MATILDE DI CANOSSA;;;Scontro frontale/laterale SX fra veicoli in marcia;Intersezione stradale segnalata;Una carreggiata a doppio senso;Bagnato (brina);Asfaltata;Verticale ed orizzontale;Sereno;Scarso;Buona;Ore Diurne;0;0;0;3;;;-1;2;Ciclomotore;In marcia / fermata / arresto;Conducente;M;Illeso;0;;Non accertato;Inesistente
1828562;3;13/02/2010 09:40;Strada Urbana;VIALE DELLO SCALO S. LORENZO;in corrispondenza;;del civico n. ;34 a;;Investimento di pedone;Rettilineo;Più di due carreggiate;Bagnato (umidità in atto);Asfaltata;Verticale ed orizzontale;Sereno;Scarso;Buona;Ore Diurne;1;0;0;0;;;-1;;;;Pedone;M;Ricoverato;0;NON DECEDUTO;;
1828563;3;13/02/2010 17:50;Strada Urbana;PIAZZALE ALDO MORO;da specificare;;;;FRONTE CIVICO 3;Scontro frontale/laterale SX fra veicoli in marcia;Rettilineo;Una carreggiata a doppio senso;Asciutto;Asfaltata;Verticale ed orizzontale;Sereno;Scarso;Buona;Sufficiente;0;0;0;5;;;-1;1;Autovettura privata;In marcia / fermata / arresto;Conducente;M;Illeso;0;;Non accertato;Inesistente
1828563;3;13/02/2010 17:50;Strada Urbana;PIAZZALE ALDO MORO;da specificare;;;;FRONTE CIVICO 3;Scontro frontale/laterale SX fra veicoli in marcia;Rettilineo;Una carreggiata a doppio senso;Asciutto;Asfaltata;Verticale ed orizzontale;Sereno;Scarso;Buona;Sufficiente;0;0;0;5;;;-1;1;Autovettura privata;In marcia / fermata / arresto;Passeggero;F;Illeso;0;;Non accertato;Inesistente
1828563;3;13/02/2010 17:50;Strada Urbana;PIAZZALE ALDO MORO;da specificare;;;;FRONTE CIVICO 3;Scontro frontale/laterale SX fra veicoli in marcia;Rettilineo;Una carreggiata a doppio senso;Asciutto;Asfaltata;Verticale ed orizzontale;Sereno;Scarso;Buona;Sufficiente;0;0;0;5;;;-1;1;Autovettura privata;In marcia / fermata / arresto;Passeggero;F;Illeso;0;;Non accertato;Inesistente
1828563;3;13/02/2010 17:50;Strada Urbana;PIAZZALE ALDO MORO;da specificare;;;;FRONTE CIVICO 3;Scontro frontale/laterale SX fra veicoli in marcia;Rettilineo;Una carreggiata a doppio senso;Asciutto;Asfaltata;Verticale ed orizzontale;Sereno;Scarso;Buona;Sufficiente;0;0;0;5;;;-1;1;Autovettura privata;In marcia / fermata / arresto;Passeggero;M;Illeso;0;;Non accertato;Inesistente
1828563;3;13/02/2010 17:50;Strada Urbana;PIAZZALE ALDO MORO;da specificare;;;;FRONTE CIVICO 3;Scontro frontale/laterale SX fra veicoli in marcia;Rettilineo;Una carreggiata a doppio senso;Asciutto;Asfaltata;Verticale ed orizzontale;Sereno;Scarso;Buona;Sufficiente;0;0;0;5;;;-1;2;Autovettura privata;In marcia / fermata / arresto;Conducente;M;Illeso;0;;Non accertato;Inesistente
1828564;3;13/02/2010;Strada Urbana;CIRCONVALLAZIONE NOMENTANA;da specificare;;;;allo svincolo Via Livorno, direzione Salaria.;Veicolo in marcia contro ostacolo fisso;Cavalcavia;Una carreggiata a senso unico di marcia;Asciutto;Asfaltata;Verticale ed orizzontale;Sereno;Intenso;Insufficiente;Inesistente;2;0;0;0;;;-1;1;Autovettura privata;In marcia / fermata / arresto;Conducente;M;Rimandato;0;NON DECEDUTO;Non accertato;Inesistente
1828564;3;13/02/2010;Strada Urbana;CIRCONVALLAZIONE NOMENTANA;da specificare;;;;allo svincolo Via Livorno, direzione Salaria.;Veicolo in marcia contro ostacolo fisso;Cavalcavia;Una carreggiata a senso unico di marcia;Asciutto;Asfaltata;Verticale ed orizzontale;Sereno;Intenso;Insufficiente;Inesistente;2;0;0;0;;;-1;1;Autovettura privata;In marcia / fermata / arresto;Passeggero;M;Rimandato;0;NON DECEDUTO;Non accertato;Inesistente
1828565;3;14/02/2010 11:20;Strada Urbana;VIALE DI PORTA TIBURTINA;in prossimità;;del civico n. ;8;;Veicolo in marcia contro veicolo in sosta;Rettilineo;Una carreggiata a senso unico di marcia;Asciutto;Asfaltata;Verticale ed orizzontale;Sereno;Normale;Buona;Ore Diurne;0;0;0;1;;;-1;1;Autovettura privata;In marcia / fermata / arresto;Conducente;M;Illeso;0;;Non accertato;Inesistente
1828566;3;14/02/2010 16:30;Strada Urbana;VIA LIVORNO;in prossimità;;del civico n. ;51;;Scontro laterale fra veicoli in marcia;Rettilineo;Una carreggiata a senso unico alternato;Asciutto;Asfaltata;Verticale ed orizzontale;Sereno;Normale;Buona;Ore Diurne;1;0;0;2;;;-1;1;Autovettura privata;In marcia / fermata / arresto;Conducente;M;Illeso;0;;Non accertato;Inesistente
1828566;3;14/02/2010 16:30;Strada Urbana;VIA LIVORNO;in prossimità;;del civico n. ;51;;Scontro laterale fra veicoli in marcia;Rettilineo;Una carreggiata a senso unico alternato;Asciutto;Asfaltata;Verticale ed orizzontale;Sereno;Normale;Buona;Ore Diurne;1;0;0;2;;;-1;2;Autovettura privata;In marcia / fermata / arresto;Conducente;M;Rimandato;0;NON DECEDUTO;Non accertato;Inesistente
1828566;3;14/02/2010 16:30;Strada Urbana;VIA LIVORNO;in prossimità;;del civico n. ;51;;Scontro laterale fra veicoli in marcia;Rettilineo;Una carreggiata a senso unico alternato;Asciutto;Asfaltata;Verticale ed orizzontale;Sereno;Normale;Buona;Ore Diurne;1;0;0;2;;;-1;3;Autovettura privata;In marcia / fermata / arresto;Conducente;M;Illeso;0;;Non accertato;Inesistente