Protocollo;Gruppo;DataOraIncidente;Localizzazione1;STRADA1;Localizzazione2;STRADA2;Strada02;Chilometrica;DaSpecificare;NaturaIncidente;particolaritastrade;TipoStrada;FondoStradale;Pavimentazione;Segnaletica;CondizioneAtmosferica;Traffico;Visibilita;Illuminazione;NUM_FERITI;NUM_RISERVATA;NUM_MORTI;NUM_ILLESI;Longitudine;Latitudine;Confermato;Progressivo;TipoVeicolo;StatoVeicolo;TipoPersona;Sesso;Tipolesione;Deceduto;DecedutoDopo;CinturaCascoUtilizzato;Airbag
1829354;19;22/02/2010 10:20;Strada Urbana;VIA DI TORREVECCHIA;all'intersezione con;VIA VADO LIGURE;VIA VADO LIGURE;;;Scontro frontale/laterale SX fra veicoli in marcia;Incrocio;Una carreggiata a doppio senso;Bagnato (pioggia);Asfaltata;Orizzontale;Pioggia in atto;Intenso;Buona;Ore Diurne;1;0;0;3;;;-1;1;Autovettura privata;In marcia / fermata / arresto;Passeggero;M;Illeso;0;;Non accertato;Inesistente
1829354;19;22/02/2010 10:20;Strada Urbana;VIA DI TORREVECCHIA;all'intersezione con;VIA VADO LIGURE;VIA VADO LIGURE;;;Scontro frontale/laterale SX fra veicoli in marcia;Incrocio;Una carreggiata a doppio senso;Bagnato (pioggia);Asfaltata;Orizzontale;Pioggia in atto;Intenso;Buona;Ore Diurne;1;0;0;3;;;-1;2;Motociclo a solo;In marcia / fermata / arresto;Conducente;M;Rimandato;0;NON DECEDUTO;Non accertato;Inesistente
1829355;19;22/02/2010 13:55;Strada Urbana;VIA SAN BASILIDE;da specificare;;;;50 metri dopo AUDI FACI ABACUC;Veicolo in marcia contro veicolo in sosta;Rettilineo;Una carreggiata a senso unico di marcia;Asciutto;Asfaltata;Orizzontale;Sereno;Scarso;Buona;Ore Diurne;0;0;0;1;;;-1;2;Autovettura privata;In marcia / fermata / arresto;Conducente;F;Illeso;0;;Utilizzato;Inesistente
1829356;19;22/02/2010 12:50;Strada Urbana;VIA MATTIA BATTISTINI;all'intersezione con;VIA BEATA VIRGINIA CENTURIONE BRACELLI;VIA BEATA VIRGINIA CENTURIONE BRACELLI;;;Investimento di pedone;Incrocio;Una carreggiata a senso unico alternato;Asciutto;Asfaltata;Verticale ed orizzontale;Nuvoloso;Scarso;Buona;Ore Diurne;1;0;0;1;;;-1;;;;Pedone;F;Rimandato;0;NON DECEDUTO;;
1829356;19;22/02/2010 12:50;Strada Urbana;VIA MATTIA BATTISTINI;all'intersezione con;VIA BEATA VIRGINIA CENTURIONE BRACELLI;VIA BEATA VIRGINIA CENTURIONE BRACELLI;;;Investimento di pedone;Incrocio;Una carreggiata a senso unico alternato;Asciutto;Asfaltata;Verticale ed orizzontale;Nuvoloso;Scarso;Buona;Ore Diurne;1;0;0;1;;;-1;1;Autovettura privata;In marcia / fermata / arresto;Conducente;M;Illeso;0;;Non accertato;Inesistente
1829357;2;19/02/2010 11:00;Strada Urbana;VIA DEI TRE OROLOGI;in prossimità;;del civico n. ;3;;Veicolo in marcia contro veicolo arresto;Rettilineo;Una carreggiata a doppio senso;Asciutto;Asfaltata;Assente;Sereno;Scarso;Buona;Ore Diurne;0;0;0;2;;;-1;1;Autovettura privata;In marcia / fermata / arresto;Conducente;M;Illeso;0;;Non accertato;Inesistente
1829357;2;19/02/2010 11:00;Strada Urbana;VIA DEI TRE OROLOGI;in prossimità;;del civico n. ;3;;Veicolo in marcia contro veicolo arresto;Rettilineo;Una carreggiata a doppio senso;Asciutto;Asfaltata;Assente;Sereno;Scarso;Buona;Ore Diurne;0;0;0;2;;;-1;2;Autovettura privata;In marcia / fermata / arresto;Conducente;F;Illeso;0;;Non accertato;Inesistente
1829358;2;19/02/2010 18:10;Strada Urbana;VIA TAGLIAMENTO;all'intersezione con;VIA ADIGE;VIA ADIGE;;;Investimento di pedone;Incrocio;Una carreggiata a doppio senso;Asciutto;Asfaltata;Orizzontale;Nuvoloso;Normale;Buona;Sufficiente;0;0;0;3;;;-1;;;;Pedone;F;Illeso;0;;;
1829358;2;19/02/2010 18:10;Strada Urbana;VIA TAGLIAMENTO;all'intersezione con;VIA ADIGE;VIA ADIGE;;;Investimento di pedone;Incrocio;Una carreggiata a doppio senso;Asciutto;Asfaltata;Orizzontale;Nuvoloso;Normale;Buona;Sufficiente;0;0;0;3;;;-1;1;Autovettura privata;In marcia / fermata / arresto;Conducente;F;Illeso;0;;Non accertato;Inesistente
1829358;2;19/02/2010 18:10;Strada Urbana;VIA TAGLIAMENTO;all'intersezione con;VIA ADIGE;VIA ADIGE;;;Investimento di pedone;Incrocio;Una carreggiata a doppio senso;Asciutto;Asfaltata;Orizzontale;Nuvoloso;Normale;Buona;Sufficiente;0;0;0;3;;;-1;1;Autovettura privata;In marcia / fermata / arresto;Passeggero;M;Illeso;0;;Non accertato;Inesistente
1829359;2;19/02/2010 21:00;Strada Urbana;CORSO TRIESTE;all'intersezione con;VIA DALMAZIA;VIA DALMAZIA;;;Scontro frontale/laterale SX fra veicoli in marcia;Incrocio;Due carreggiate;Asciutto;Asfaltata;Verticale ed orizzontale;Nuvoloso;Normale;Sufficiente;Sufficiente;2;0;0;1;;;-1;1;Autovettura privata;In marcia / fermata / arresto;Conducente;M;Illeso;0;;Non accertato;Inesistente
1829359;2;19/02/2010 21:00;Strada Urbana;CORSO TRIESTE;all'intersezione con;VIA DALMAZIA;VIA DALMAZIA;;;Scontro frontale/laterale SX fra veicoli in marcia;Incrocio;Due carreggiate;Asciutto;Asfaltata;Verticale ed orizzontale;Nuvoloso;Normale;Sufficiente;Sufficiente;2;0;0;1;;;-1;2;Motociclo con passeggero;In marcia / fermata / arresto;Conducente;M;Rimandato;0;NON DECEDUTO;Non accertato;Inesistente
1829359;2;19/02/2010 21:00;Strada Urbana;CORSO TRIESTE;all'intersezione con;VIA DALMAZIA;VIA DALMAZIA;;;Scontro frontale/laterale SX fra veicoli in marcia;Incrocio;Due carreggiate;Asciutto;Asfaltata;Verticale ed orizzontale;Nuvoloso;Normale;Sufficiente;Sufficiente;2;0;0;1;;;-1;2;Motociclo con passeggero;In marcia / fermata / arresto;Passeggero;F;Rimandato;0;NON DECEDUTO;Non accertato;Inesistente
1829360;2;20/02/2010 18:00;Strada Urbana;VIA TRIPOLITANIA;all'intersezione con;VIA TIGRE';VIA TIGRE';;;Scontro laterale fra veicoli in marcia;Incrocio;Una carreggiata a senso unico di marcia;Asciutto;Asfaltata;Verticale ed orizzontale;Sereno;Normale;Buona;Sufficiente;0;0;0;3;;;-1;1;Autovettura privata;In marcia / fermata / arresto;Conducente;M;Illeso;0;;Non accertato;Inesistente
1829360;2;20/02/2010 18:00;Strada Urbana;VIA TRIPOLITANIA;all'intersezione con;VIA TIGRE';VIA TIGRE';;;Scontro laterale fra veicoli in marcia;Incrocio;Una carreggiata a senso unico di marcia;Asciutto;Asfaltata;Verticale ed orizzontale;Sereno;Normale;Buona;Sufficiente;0;0;0;3;;;-1;2;Autovettura privata;In marcia / fermata / arresto;Conducente;M;Illeso;0;;Non accertato;Inesistente
1829360;2;20/02/2010 18:00;Strada Urbana;VIA TRIPOLITANIA;all'intersezione con;VIA TIGRE';VIA TIGRE';;;Scontro laterale fra veicoli in marcia;Incrocio;Una carreggiata a senso unico di marcia;Asciutto;Asfaltata;Verticale ed orizzontale;Sereno;Normale;Buona;Sufficiente;0;0;0;3;;;-1;2;Autovettura privata;In marcia / fermata / arresto;Passeggero;F;Illeso;0;;Non accertato;Inesistente
1829361;2;20/02/2010 19:00;Strada Urbana;VIA NOMENTANA;in corrispondenza;;del civico n. ;333;;Scontro frontale/laterale SX fra veicoli in marcia;Rettilineo;Più di due carreggiate;Asciutto;Asfaltata;Verticale ed orizzontale;Nuvoloso;Normale;Buona;Sufficiente;0;0;0;2;;;-1;1;Autovettura privata;In marcia / fermata / arresto;Conducente;M;Illeso;0;;Non accertato;Inesistente
1829361;2;20/02/2010 19:00;Strada Urbana;VIA NOMENTANA;in corrispondenza;;del civico n. ;333;;Scontro frontale/laterale SX fra veicoli in marcia;Rettilineo;Più di due carreggiate;Asciutto;Asfaltata;Verticale ed orizzontale;Nuvoloso;Normale;Buona;Sufficiente;0;0;0;2;;;-1;2;Autovettura privata;In marcia / fermata / arresto;Conducente;F;Illeso;0;;Non accertato;Inesistente
1829362;2;20/02/2010 19:30;Strada Urbana;VIA ULISSE ALDROVANDI;in corrispondenza;;del civico n. ;19;;Veicolo in marcia contro ostacolo accidentale;Rettilineo;Una carreggiata a doppio senso;Bagnato (pioggia);Asfaltata;Verticale ed orizzontale;Nuvoloso;Scarso;Buona;Sufficiente;0;0;0;2;;;-1;1;Autovettura privata;In marcia / fermata / arresto;Conducente;M;Illeso;0;;Non accertato;Inesistente
1829362;2;20/02/2010 19:30;Strada Urbana;VIA ULISSE ALDROVANDI;in corrispondenza;;del civico n. ;19;;Veicolo in marcia contro ostacolo accidentale;Rettilineo;Una carreggiata a doppio senso;Bagnato (pioggia);Asfaltata;Verticale ed orizzontale;Nuvoloso;Scarso;Buona;Sufficiente;0;0;0;2;;;-1;1;Autovettura privata;In marcia / fermata / arresto;Passeggero;F;Illeso;0;;Non accertato;Inesistente
1829363;2;21/02/2010 13:35;Strada Urbana;LUNGOTEVERE GRANDE A.GLIO THAON DI REVEL;in prossimità;;del civico n. ;9;;Scontro frontale/laterale DX fra veicoli in marcia;Rettilineo;Una carreggiata a doppio senso;Asciutto;Asfaltata;Orizzontale;Sereno;Normale;Buona;Ore Diurne;1;0;0;1;;;-1;1;Motociclo a solo;In marcia / fermata / arresto;Conducente;M;Rimandato;0;NON DECEDUTO;Non accertato;Inesistente
1829363;2;21/02/2010 13:35;Strada Urbana;LUNGOTEVERE GRANDE A.GLIO THAON DI REVEL;in prossimità;;del civico n. ;9;;Scontro frontale/laterale DX fra veicoli in marcia;Rettilineo;Una carreggiata a doppio senso;Asciutto;Asfaltata;Orizzontale;Sereno;Normale;Buona;Ore Diurne;1;0;0;1;;;-1;2;Autovettura privata;In marcia / fermata / arresto;Conducente;F;Illeso;0;;Non accertato;Inesistente
1829364;2;22/02/2010 11:35;Strada Urbana;SOTTOVIA IGNAZIO GUIDI;all'intersezione con;VIA NOMENTANA;VIA NOMENTANA;;;Veicolo in marcia contro ostacolo fisso;Intersezione stradale segnalata;Una carreggiata a senso unico di marcia;Bagnato (umidità in atto);Asfaltata;Orizzontale;Nuvoloso;Normale;Sufficiente;Sufficiente;1;0;0;0;;;-1;1;Autovettura privata;In marcia / fermata / arresto;Conducente;M;Rimandato;0;NON DECEDUTO;Non accertato;Inesistente
1829365;2;22/02/2010 13:15;Strada Urbana;LUNGOTEVERE FLAMINIO;all'intersezione semaforizzata con;VIA CESARE FRACASSINI;VIA CESARE FRACASSINI;;;Scontro laterale fra veicoli in marcia;Intersezione semaforizzata;Una carreggiata a doppio senso;Asciutto;Asfaltata;Verticale ed orizzontale;Nuvoloso;Intenso;Buona;Ore Diurne;0;0;0;2;;;-1;1;Autovettura privata;In marcia / fermata / arresto;Conducente;F;Illeso;0;;Non accertato;Inesistente
1829365;2;22/02/2010 13:15;Strada Urbana;LUNGOTEVERE FLAMINIO;all'intersezione semaforizzata con;VIA CESARE FRACASSINI;VIA CESARE FRACASSINI;;;Scontro laterale fra veicoli in marcia;Intersezione semaforizzata;Una carreggiata a doppio senso;Asciutto;Asfaltata;Verticale ed orizzontale;Nuvoloso;Intenso;Buona;Ore Diurne;0;0;0;2;;;-1;2;Autovettura privata;In marcia / fermata / arresto;Conducente;F;Illeso;0;;Non accertato;Inesistente
1829366;2;22/02/2010 14:50;Strada Urbana;VIALE GORIZIA;all'intersezione con;VIA TOLMINO;VIA TOLMINO;;;Infortunio per sola frenata improvvisa;Intersezione stradale segnalata;Una carreggiata a doppio senso;Asciutto;Asfaltata;Verticale ed orizzontale;Nuvoloso;Normale;Buona;Ore Diurne;1;0;0;1;;;-1;1;Autovettura pubblica;In marcia / fermata / arresto;Conducente;M;Illeso;0;;Non accertato;Inesistente
1829366;2;22/02/2010 14:50;Strada Urbana;VIALE GORIZIA;all'intersezione con;VIA TOLMINO;VIA TOLMINO;;;Infortunio per sola frenata improvvisa;Intersezione stradale segnalata;Una carreggiata a doppio senso;Asciutto;Asfaltata;Verticale ed orizzontale;Nuvoloso;Normale;Buona;Ore Diurne;1;0;0;1;;;-1;2;Motociclo a solo;In marcia / fermata / arresto;Conducente;F;Rimandato;0;NON DECEDUTO;Non accertato;Inesistente
1829367;20;22/02/2010 17:00;Provinciale entro l'abitato;VIA TIBERINA;in prossimità;;della chilometrica ;3,5;;Tamponamento Multiplo;Rettilineo;Una carreggiata a doppio senso;Asciutto;Asfaltata;Verticale ed orizzontale;Nuvoloso;Normale;Buona;Ore Diurne;2;0;0;3;;;-1;1;Autocarro inferiore 35 q.;In marcia / fermata / arresto;Conducente;M;Rifiuta cure immediate;0;NON DECEDUTO;Non accertato;Inesistente
1829367;20;22/02/2010 17:00;Provinciale entro l'abitato;VIA TIBERINA;in prossimità;;della chilometrica ;3,5;;Tamponamento Multiplo;Rettilineo;Una carreggiata a doppio senso;Asciutto;Asfaltata;Verticale ed orizzontale;Nuvoloso;Normale;Buona;Ore Diurne;2;0;0;3;;;-1;1;Autocarro inferiore 35 q.;In marcia / fermata / arresto;Passeggero;M;Illeso;0;;Non accertato;Inesistente
1829367;20;22/02/2010 17:00;Provinciale entro l'abitato;VIA TIBERINA;in prossimità;;della chilometrica ;3,5;;Tamponamento Multiplo;Rettilineo;Una carreggiata a doppio senso;Asciutto;Asfaltata;Verticale ed orizzontale;Nuvoloso;Normale;Buona;Ore Diurne;2;0;0;3;;;-1;2;Autovettura privata;In marcia / fermata / arresto;Conducente;M;Rifiuta cure immediate;0;NON DECEDUTO;Non accertato;Inesploso
1829367;20;22/02/2010 17:00;Provinciale entro l'abitato;VIA TIBERINA;in prossimità;;della chilometrica ;3,5;;Tamponamento Multiplo;Rettilineo;Una carreggiata a doppio senso;Asciutto;Asfaltata;Verticale ed orizzontale;Nuvoloso;Normale;Buona;Ore Diurne;2;0;0;3;;;-1;3;Autovettura privata;In marcia / fermata / arresto;Conducente;M;Illeso;0;;Non accertato;Inesistente
1829367;20;22/02/2010 17:00;Provinciale entro l'abitato;VIA TIBERINA;in prossimità;;della chilometrica ;3,5;;Tamponamento Multiplo;Rettilineo;Una carreggiata a doppio senso;Asciutto;Asfaltata;Verticale ed orizzontale;Nuvoloso;Normale;Buona;Ore Diurne;2;0;0;3;;;-1;3;Autovettura privata;In marcia / fermata / arresto;Passeggero;F;Illeso;0;;Non accertato;Inesistente
1829368;20;18/02/2010 09:20;Strada Urbana;VIA DEL FORO ITALICO;da specificare;;;;uscita Galleria Giovanni XXIII rampa discesa Minis;Veicolo in marcia contro ostacolo fisso;Curva a visuale libera;Una carreggiata a senso unico di marcia;Bagnato (pioggia);Asfaltata;Verticale ed orizzontale;Pioggia in atto;Normale;Sufficiente;Ore Diurne;0;0;0;1;;;-1;1;Quadriciclo leggero;In marcia / fermata / arresto;Conducente;M;Illeso;0;;Non accertato;Inesistente
1829369;20;22/02/2010 08:10;Strada Urbana;VIALE DELLE GALLINE BIANCHE;da specificare;;;;direz. Piazza Arcisate fronte chiesa S. Crispino;Scontro laterale fra veicoli in marcia;Curva a visuale libera;Due carreggiate;Bagnato (pioggia);Asfaltata;Verticale ed orizzontale;Pioggia in atto;Normale;Buona;Ore Diurne;0;0;0;3;;;-1;1;Autovettura privata;In marcia / fermata / arresto;Conducente;F;Illeso;0;;Non accertato;Inesistente
1829369;20;22/02/2010 08:10;Strada Urbana;VIALE DELLE GALLINE BIANCHE;da specificare;;;;direz. Piazza Arcisate fronte chiesa S. Crispino;Scontro laterale fra veicoli in marcia;Curva a visuale libera;Due carreggiate;Bagnato (pioggia);Asfaltata;Verticale ed orizzontale;Pioggia in atto;Normale;Buona;Ore Diurne;0;0;0;3;;;-1;2;Autovettura privata;In marcia / fermata / arresto;Conducente;F;Illeso;0;;Non accertato;Inesistente
1829369;20;22/02/2010 08:10;Strada Urbana;VIALE DELLE GALLINE BIANCHE;da specificare;;;;direz. Piazza Arcisate fronte chiesa S. Crispino;Scontro laterale fra veicoli in marcia;Curva a visuale libera;Due carreggiate;Bagnato (pioggia);Asfaltata;Verticale ed orizzontale;Pioggia in atto;Normale;Buona;Ore Diurne;0;0;0;3;;;-1;2;Autovettura privata;In marcia / fermata / arresto;Passeggero;F;Illeso;0;;Non utilizzato;Inesistente
1829370;20;22/02/2010 18:30;Statale entro l'abitato;VIA CASSIA;in prossimità;;del civico n. ;1691;;Tamponamento;Rettilineo;Una carreggiata a doppio senso;Bagnato (pioggia);Asfaltata;Assente;Nuvoloso;Normale;Buona;Sufficiente;0;0;0;3;;;-1;1;Autovettura privata;In marcia / fermata / arresto;Conducente;F;Illeso;0;;Non accertato;Inesistente
1829370;20;22/02/2010 18:30;Statale entro l'abitato;VIA CASSIA;in prossimità;;del civico n. ;1691;;Tamponamento;Rettilineo;Una carreggiata a doppio senso;Bagnato (pioggia);Asfaltata;Assente;Nuvoloso;Normale;Buona;Sufficiente;0;0;0;3;;;-1;2;Autovettura privata;In marcia / fermata / arresto;Conducente;F;Illeso;0;;Non accertato;Inesistente
1829370;20;22/02/2010 18:30;Statale entro l'abitato;VIA CASSIA;in prossimità;;del civico n. ;1691;;Tamponamento;Rettilineo;Una carreggiata a doppio senso;Bagnato (pioggia);Asfaltata;Assente;Nuvoloso;Normale;Buona;Sufficiente;0;0;0;3;;;-1;2;Autovettura privata;In marcia / fermata / arresto;Passeggero;F;Illeso;0;;Non accertato;Inesistente
1829371;20;22/02/2010 20:00;Statale entro l'abitato;VIA CASSIA;in prossimità;;del civico n. ;2008;;Fuoriuscita dalla sede stradale;Rettilineo;Una carreggiata a doppio senso;Bagnato (pioggia);Asfaltata;Orizzontale;Pioggia in atto;Scarso;Insufficiente;Inesistente;0;0;0;1;;;-1;1;Autovettura privata;In marcia / fermata / arresto;Conducente;M;Illeso;0;;Non accertato;Inesploso
1829372;3;19/02/2010 14:30;Altra strada;PIAZZALE ALDO MORO;da specificare;;;;interno città universitaria.;Scontro frontale/laterale DX fra veicoli in marcia;Rettilineo;Una carreggiata a senso unico di marcia;Asciutto;Asfaltata;Assente;Sereno;Scarso;Buona;Ore Diurne;0;0;0;2;;;-1;1;Autovettura privata;In marcia / fermata / arresto;Conducente;F;Illeso;0;;Non accertato;Inesistente
1829372;3;19/02/2010 14:30;Altra strada;PIAZZALE ALDO MORO;da specificare;;;;interno città universitaria.;Scontro frontale/laterale DX fra veicoli in marcia;Rettilineo;Una carreggiata a senso unico di marcia;Asciutto;Asfaltata;Assente;Sereno;Scarso;Buona;Ore Diurne;0;0;0;2;;;-1;2;Autovettura privata;In marcia / fermata / arresto;Conducente;F;Illeso;0;;Non accertato;Inesistente
1829373;3;20/02/2010 00:40;Strada Urbana;VIA ELEONORA D'ARBOREA;all'intersezione con;VIA DI S. IPPOLITO;VIA DI S. IPPOLITO;;;Scontro frontale/laterale SX fra veicoli in marcia;Intersezione stradale segnalata;Una carreggiata a doppio senso;Asciutto;Asfaltata;Verticale ed orizzontale;Nuvoloso;Scarso;Buona;Sufficiente;2;0;0;2;;;-1;1;Autovettura privata;In marcia / fermata / arresto;Conducente;F;Illeso;0;;Utilizzato;Inesistente
1829373;3;20/02/2010 00:40;Strada Urbana;VIA ELEONORA D'ARBOREA;all'intersezione con;VIA DI S. IPPOLITO;VIA DI S. IPPOLITO;;;Scontro frontale/laterale SX fra veicoli in marcia;Intersezione stradale segnalata;Una carreggiata a doppio senso;Asciutto;Asfaltata;Verticale ed orizzontale;Nuvoloso;Scarso;Buona;Sufficiente;2;0;0;2;;;-1;1;Autovettura privata;In marcia / fermata / arresto;Passeggero;M;Illeso;0;;Utilizzato;Inesistente
1829373;3;20/02/2010 00:40;Strada Urbana;VIA ELEONORA D'ARBOREA;all'intersezione con;VIA DI S. IPPOLITO;VIA DI S. IPPOLITO;;;Scontro frontale/laterale SX fra veicoli in marcia;Intersezione stradale segnalata;Una carreggiata a doppio senso;Asciutto;Asfaltata;Verticale ed orizzontale;Nuvoloso;Scarso;Buona;Sufficiente;2;0;0;2;;;-1;3;Ciclomotore con passeggero;In marcia / fermata / arresto;Conducente;M;Ricoverato;0;NON DECEDUTO;Utilizzato;Inesistente
1829373;3;20/02/2010 00:40;Strada Urbana;VIA ELEONORA D'ARBOREA;all'intersezione con;VIA DI S. IPPOLITO;VIA DI S. IPPOLITO;;;Scontro frontale/laterale SX fra veicoli in marcia;Intersezione stradale segnalata;Una carreggiata a doppio senso;Asciutto;Asfaltata;Verticale ed orizzontale;Nuvoloso;Scarso;Buona;Sufficiente;2;0;0;2;;;-1;3;Ciclomotore con passeggero;In marcia / fermata / arresto;Passeggero;M;Ricoverato;0;NON DECEDUTO;Utilizzato;Inesistente
1829374;3;20/02/2010 08:50;Strada Urbana;VIALE IPPOCRATE;all'intersezione con;VIA DOMENICO MORICHINI;VIA DOMENICO MORICHINI;;;Scontro laterale fra veicoli in marcia;Intersezione stradale segnalata;Due carreggiate;Bagnato (pioggia);Asfaltata;Verticale ed orizzontale;Nuvoloso;Normale;Buona;Ore Diurne;0;0;0;3;;;-1;1;Autovettura privata;In marcia / fermata / arresto;Conducente;M;Illeso;0;;Non accertato;Inesistente
1829374;3;20/02/2010 08:50;Strada Urbana;VIALE IPPOCRATE;all'intersezione con;VIA DOMENICO MORICHINI;VIA DOMENICO MORICHINI;;;Scontro laterale fra veicoli in marcia;Intersezione stradale segnalata;Due carreggiate;Bagnato (pioggia);Asfaltata;Verticale ed orizzontale;Nuvoloso;Normale;Buona;Ore Diurne;0;0;0;3;;;-1;1;Autovettura privata;In marcia / fermata / arresto;Passeggero;M;Illeso;0;;Non accertato;Inesistente
1829374;3;20/02/2010 08:50;Strada Urbana;VIALE IPPOCRATE;all'intersezione con;VIA DOMENICO MORICHINI;VIA DOMENICO MORICHINI;;;Scontro laterale fra veicoli in marcia;Intersezione stradale segnalata;Due carreggiate;Bagnato (pioggia);Asfaltata;Verticale ed orizzontale;Nuvoloso;Normale;Buona;Ore Diurne;0;0;0;3;;;-1;2;Motociclo a solo;In marcia / fermata / arresto;Conducente;M;Illeso;0;;Non accertato;Inesistente
1829375;3;21/02/2010 01:30;Strada Urbana;VIA DEGLI EQUI;in corrispondenza;;del civico n. ;69;;Tamponamento;Rettilineo;Una carreggiata a senso unico di marcia;Asciutto;Asfaltata;Verticale ed orizzontale;Sereno;Scarso;Insufficiente;Inesistente;0;0;0;3;;;-1;1;Autovettura privata;In marcia / fermata / arresto;Conducente;F;Illeso;0;;Utilizzato;Inesistente
1829375;3;21/02/2010 01:30;Strada Urbana;VIA DEGLI EQUI;in corrispondenza;;del civico n. ;69;;Tamponamento;Rettilineo;Una carreggiata a senso unico di marcia;Asciutto;Asfaltata;Verticale ed orizzontale;Sereno;Scarso;Insufficiente;Inesistente;0;0;0;3;;;-1;1;Autovettura privata;In marcia / fermata / arresto;Passeggero;F;Illeso;0;;Utilizzato;Inesistente
1829375;3;21/02/2010 01:30;Strada Urbana;VIA DEGLI EQUI;in corrispondenza;;del civico n. ;69;;Tamponamento;Rettilineo;Una carreggiata a senso unico di marcia;Asciutto;Asfaltata;Verticale ed orizzontale;Sereno;Scarso;Insufficiente;Inesistente;0;0;0;3;;;-1;2;Autovettura privata;In marcia / fermata / arresto;Conducente;M;Illeso;0;;Non utilizzato;Inesistente
1829376;3;21/02/2010 16:15;Strada Urbana;VIALE REGINA ELENA;all'intersezione semaforizzata con;VIALE DELL'UNIVERSITA';VIALE DELL'UNIVERSITA';;;Scontro frontale fra veicoli in marcia;Intersezione semaforizzata;Una carreggiata a doppio senso;Asciutto;Asfaltata;Verticale ed orizzontale;Sereno;Scarso;Buona;Ore Diurne;2;0;0;2;;;-1;1;Motociclo a solo;In marcia / fermata / arresto;Conducente;M;Rimandato;0;NON DECEDUTO;Non accertato;Inesistente
1829376;3;21/02/2010 16:15;Strada Urbana;VIALE REGINA ELENA;all'intersezione semaforizzata con;VIALE DELL'UNIVERSITA';VIALE DELL'UNIVERSITA';;;Scontro frontale fra veicoli in marcia;Intersezione semaforizzata;Una carreggiata a doppio senso;Asciutto;Asfaltata;Verticale ed orizzontale;Sereno;Scarso;Buona;Ore Diurne;2;0;0;2;;;-1;2;Autovettura privata;In marcia / fermata / arresto;Conducente;M;Rimandato;0;NON DECEDUTO;Non accertato;Inesistente
1829376;3;21/02/2010 16:15;Strada Urbana;VIALE REGINA ELENA;all'intersezione semaforizzata con;VIALE DELL'UNIVERSITA';VIALE DELL'UNIVERSITA';;;Scontro frontale fra veicoli in marcia;Intersezione semaforizzata;Una carreggiata a doppio senso;Asciutto;Asfaltata;Verticale ed orizzontale;Sereno;Scarso;Buona;Ore Diurne;2;0;0;2;;;-1;2;Autovettura privata;In marcia / fermata / arresto;Passeggero;F;Illeso;0;;Non accertato;Inesistente
1829376;3;21/02/2010 16:15;Strada Urbana;VIALE REGINA ELENA;all'intersezione semaforizzata con;VIALE DELL'UNIVERSITA';VIALE DELL'UNIVERSITA';;;Scontro frontale fra veicoli in marcia;Intersezione semaforizzata;Una carreggiata a doppio senso;Asciutto;Asfaltata;Verticale ed orizzontale;Sereno;Scarso;Buona;Ore Diurne;2;0;0;2;;;-1;2;Autovettura privata;In marcia / fermata / arresto;Passeggero;M;Illeso;0;;Non accertato;Inesistente
1829377;4;07/02/2010 14:20;Strada Urbana;VIA MONTE CERVIALTO;all'intersezione semaforizzata con;VIA ETTORE SACCHI;VIA ETTORE SACCHI;;;Scontro frontale/laterale SX fra veicoli in marcia;Intersezione semaforizzata;Più di due carreggiate;Asciutto;Asfaltata;Verticale ed orizzontale;Sereno;Scarso;Buona;Ore Diurne;4;0;0;0;;;-1;1;Autovettura privata;In marcia / fermata / arresto;Conducente;M;Rimandato;0;NON DECEDUTO;Non accertato;Inesistente
1829377;4;07/02/2010 14:20;Strada Urbana;VIA MONTE CERVIALTO;all'intersezione semaforizzata con;VIA ETTORE SACCHI;VIA ETTORE SACCHI;;;Scontro frontale/laterale SX fra veicoli in marcia;Intersezione semaforizzata;Più di due carreggiate;Asciutto;Asfaltata;Verticale ed orizzontale;Sereno;Scarso;Buona;Ore Diurne;4;0;0;0;;;-1;1;Autovettura privata;In marcia / fermata / arresto;Passeggero;F;Rimandato;0;NON DECEDUTO;Non accertato;Inesistente
1829377;4;07/02/2010 14:20;Strada Urbana;VIA MONTE CERVIALTO;all'intersezione semaforizzata con;VIA ETTORE SACCHI;VIA ETTORE SACCHI;;;Scontro frontale/laterale SX fra veicoli in marcia;Intersezione semaforizzata;Più di due carreggiate;Asciutto;Asfaltata;Verticale ed orizzontale;Sereno;Scarso;Buona;Ore Diurne;4;0;0;0;;;-1;1;Autovettura privata;In marcia / fermata / arresto;Passeggero;F;Rimandato;0;NON DECEDUTO;Non accertato;Inesistente
1829377;4;07/02/2010 14:20;Strada Urbana;VIA MONTE CERVIALTO;all'intersezione semaforizzata con;VIA ETTORE SACCHI;VIA ETTORE SACCHI;;;Scontro frontale/laterale SX fra veicoli in marcia;Intersezione semaforizzata;Più di due carreggiate;Asciutto;Asfaltata;Verticale ed orizzontale;Sereno;Scarso;Buona;Ore Diurne;4;0;0;0;;;-1;2;Autovettura privata;In marcia / fermata / arresto;Conducente;M;Rimandato;0;NON DECEDUTO;Non accertato;Inesistente