Protocollo;Gruppo;DataOraIncidente;Localizzazione1;STRADA1;Localizzazione2;STRADA2;Strada02;Chilometrica;DaSpecificare;NaturaIncidente;particolaritastrade;TipoStrada;FondoStradale;Pavimentazione;Segnaletica;CondizioneAtmosferica;Traffico;Visibilita;Illuminazione;NUM_FERITI;NUM_RISERVATA;NUM_MORTI;NUM_ILLESI;Longitudine;Latitudine;Confermato;Progressivo;TipoVeicolo;StatoVeicolo;TipoPersona;Sesso;Tipolesione;Deceduto;DecedutoDopo;CinturaCascoUtilizzato;Airbag
1830440;16;06/02/2010 10:50;Strada Urbana;VIA AURELIA ANTICA;da specificare;;;;20 mt. dopo il civico 270/A;Veicolo in marcia contro ostacolo accidentale;Rettilineo;Una carreggiata a doppio senso;Bagnato (pioggia);Asfaltata;Orizzontale;Pioggia in atto;Normale;Buona;Ore Diurne;0;0;0;1;;;-1;1;Autovettura privata;In marcia / fermata / arresto;Conducente;F;Illeso;0;;Non accertato;Inesistente
1830441;16;07/02/2010 00:35;Strada Urbana;VIA DI DONNA OLIMPIA;all'intersezione semaforizzata con;VIA PASQUALE REVOLTELLA;VIA PASQUALE REVOLTELLA;;;Scontro frontale/laterale DX fra veicoli in marcia;Intersezione semaforizzata;Una carreggiata a doppio senso;Bagnato (pioggia);Asfaltata;Verticale ed orizzontale;Nuvoloso;Scarso;Sufficiente;Sufficiente;0;0;0;5;;;-1;1;Autovettura privata;In marcia / fermata / arresto;Passeggero;M;Illeso;0;;Non accertato;Inesistente
1830441;16;07/02/2010 00:35;Strada Urbana;VIA DI DONNA OLIMPIA;all'intersezione semaforizzata con;VIA PASQUALE REVOLTELLA;VIA PASQUALE REVOLTELLA;;;Scontro frontale/laterale DX fra veicoli in marcia;Intersezione semaforizzata;Una carreggiata a doppio senso;Bagnato (pioggia);Asfaltata;Verticale ed orizzontale;Nuvoloso;Scarso;Sufficiente;Sufficiente;0;0;0;5;;;-1;1;Autovettura privata;In marcia / fermata / arresto;Conducente;F;Illeso;0;;Non accertato;Inesistente
1830441;16;07/02/2010 00:35;Strada Urbana;VIA DI DONNA OLIMPIA;all'intersezione semaforizzata con;VIA PASQUALE REVOLTELLA;VIA PASQUALE REVOLTELLA;;;Scontro frontale/laterale DX fra veicoli in marcia;Intersezione semaforizzata;Una carreggiata a doppio senso;Bagnato (pioggia);Asfaltata;Verticale ed orizzontale;Nuvoloso;Scarso;Sufficiente;Sufficiente;0;0;0;5;;;-1;1;Autovettura privata;In marcia / fermata / arresto;Passeggero;F;Illeso;0;;Non accertato;Inesistente
1830441;16;07/02/2010 00:35;Strada Urbana;VIA DI DONNA OLIMPIA;all'intersezione semaforizzata con;VIA PASQUALE REVOLTELLA;VIA PASQUALE REVOLTELLA;;;Scontro frontale/laterale DX fra veicoli in marcia;Intersezione semaforizzata;Una carreggiata a doppio senso;Bagnato (pioggia);Asfaltata;Verticale ed orizzontale;Nuvoloso;Scarso;Sufficiente;Sufficiente;0;0;0;5;;;-1;2;Autovettura privata;In marcia / fermata / arresto;Conducente;M;Illeso;0;;Non accertato;Inesistente
1830441;16;07/02/2010 00:35;Strada Urbana;VIA DI DONNA OLIMPIA;all'intersezione semaforizzata con;VIA PASQUALE REVOLTELLA;VIA PASQUALE REVOLTELLA;;;Scontro frontale/laterale DX fra veicoli in marcia;Intersezione semaforizzata;Una carreggiata a doppio senso;Bagnato (pioggia);Asfaltata;Verticale ed orizzontale;Nuvoloso;Scarso;Sufficiente;Sufficiente;0;0;0;5;;;-1;2;Autovettura privata;In marcia / fermata / arresto;Passeggero;M;Illeso;0;;Non accertato;Inesistente
1830442;16;07/02/2010 14:20;Strada Urbana;VIALE ISACCO NEWTON;all'intersezione con;VIA VINCENZO USSANI;VIA VINCENZO USSANI;;;Scontro laterale fra veicoli in marcia;Incrocio;Due carreggiate;Asciutto;Asfaltata;Verticale ed orizzontale;Sereno;Normale;Buona;Ore Diurne;0;0;0;5;;;-1;1;Autovettura privata;In marcia / fermata / arresto;Conducente;M;Illeso;0;;Non accertato;Inesistente
1830442;16;07/02/2010 14:20;Strada Urbana;VIALE ISACCO NEWTON;all'intersezione con;VIA VINCENZO USSANI;VIA VINCENZO USSANI;;;Scontro laterale fra veicoli in marcia;Incrocio;Due carreggiate;Asciutto;Asfaltata;Verticale ed orizzontale;Sereno;Normale;Buona;Ore Diurne;0;0;0;5;;;-1;1;Autovettura privata;In marcia / fermata / arresto;Passeggero;F;Illeso;0;;Non accertato;Inesistente
1830442;16;07/02/2010 14:20;Strada Urbana;VIALE ISACCO NEWTON;all'intersezione con;VIA VINCENZO USSANI;VIA VINCENZO USSANI;;;Scontro laterale fra veicoli in marcia;Incrocio;Due carreggiate;Asciutto;Asfaltata;Verticale ed orizzontale;Sereno;Normale;Buona;Ore Diurne;0;0;0;5;;;-1;2;Autovettura privata;In marcia / fermata / arresto;Conducente;M;Illeso;0;;Non accertato;Inesistente
1830442;16;07/02/2010 14:20;Strada Urbana;VIALE ISACCO NEWTON;all'intersezione con;VIA VINCENZO USSANI;VIA VINCENZO USSANI;;;Scontro laterale fra veicoli in marcia;Incrocio;Due carreggiate;Asciutto;Asfaltata;Verticale ed orizzontale;Sereno;Normale;Buona;Ore Diurne;0;0;0;5;;;-1;2;Autovettura privata;In marcia / fermata / arresto;Passeggero;M;Illeso;0;;Non accertato;Inesistente
1830442;16;07/02/2010 14:20;Strada Urbana;VIALE ISACCO NEWTON;all'intersezione con;VIA VINCENZO USSANI;VIA VINCENZO USSANI;;;Scontro laterale fra veicoli in marcia;Incrocio;Due carreggiate;Asciutto;Asfaltata;Verticale ed orizzontale;Sereno;Normale;Buona;Ore Diurne;0;0;0;5;;;-1;2;Autovettura privata;In marcia / fermata / arresto;Passeggero;F;Illeso;0;;Non accertato;Inesistente
1830446;17;11/02/2010 15:50;Strada Urbana;LUNGOTEVERE DEI MELLINI;all'intersezione semaforizzata con;VIA VITTORIA COLONNA;VIA VITTORIA COLONNA;;;Veicolo in marcia contro ostacolo fisso;Intersezione semaforizzata;Una carreggiata a senso unico di marcia;Asciutto;Asfaltata;Verticale ed orizzontale;Nuvoloso;Normale;Buona;Ore Diurne;0;0;0;1;;;-1;1;Autovettura privata;In marcia / fermata / arresto;Conducente;M;Illeso;0;;Non accertato;Inesistente
1830447;17;11/02/2010 16:40;Strada Urbana;VIA DARDANELLI;all'intersezione semaforizzata con;PIAZZALE CLODIO;PIAZZALE CLODIO;;;Scontro laterale fra veicoli in marcia;Intersezione semaforizzata;Due carreggiate;Asciutto;Asfaltata;Verticale ed orizzontale;Nuvoloso;Normale;Buona;Ore Diurne;0;0;0;2;;;-1;1;Motociclo a solo;In marcia / fermata / arresto;Conducente;F;Illeso;0;;Non accertato;Inesistente
1830447;17;11/02/2010 16:40;Strada Urbana;VIA DARDANELLI;all'intersezione semaforizzata con;PIAZZALE CLODIO;PIAZZALE CLODIO;;;Scontro laterale fra veicoli in marcia;Intersezione semaforizzata;Due carreggiate;Asciutto;Asfaltata;Verticale ed orizzontale;Nuvoloso;Normale;Buona;Ore Diurne;0;0;0;2;;;-1;2;Autovettura privata;In marcia / fermata / arresto;Conducente;M;Illeso;0;;Non accertato;Inesistente
1830448;17;11/02/2010 18:00;Strada Urbana;VIA ACHILLE PAPA;all'intersezione con;VIA CAPOSILE;VIA CAPOSILE;;;Scontro frontale/laterale DX fra veicoli in marcia;Intersezione non regolata/non segnalata;Due carreggiate;Asciutto;Asfaltata;Verticale ed orizzontale;Sereno;Scarso;Buona;Sufficiente;0;0;0;3;;;-1;1;Quadriciclo leggero;In marcia / fermata / arresto;Conducente;F;Illeso;0;;Utilizzato;Inesistente
1830448;17;11/02/2010 18:00;Strada Urbana;VIA ACHILLE PAPA;all'intersezione con;VIA CAPOSILE;VIA CAPOSILE;;;Scontro frontale/laterale DX fra veicoli in marcia;Intersezione non regolata/non segnalata;Due carreggiate;Asciutto;Asfaltata;Verticale ed orizzontale;Sereno;Scarso;Buona;Sufficiente;0;0;0;3;;;-1;2;Autovettura privata;In marcia / fermata / arresto;Conducente;F;Illeso;0;;Utilizzato;Inesploso
1830448;17;11/02/2010 18:00;Strada Urbana;VIA ACHILLE PAPA;all'intersezione con;VIA CAPOSILE;VIA CAPOSILE;;;Scontro frontale/laterale DX fra veicoli in marcia;Intersezione non regolata/non segnalata;Due carreggiate;Asciutto;Asfaltata;Verticale ed orizzontale;Sereno;Scarso;Buona;Sufficiente;0;0;0;3;;;-1;2;Autovettura privata;In marcia / fermata / arresto;Passeggero;F;Illeso;0;;Non accertato;Inesistente
1830466;4;16/02/2010 00:05;Strada Urbana;VIA MARIO SOLDATI;da specificare;;;;area di parcheggio tra via Soldati e via Bragaglia;Veicolo in marcia contro ostacolo accidentale;Rettilineo;Una carreggiata a doppio senso;Asciutto;Lastricata;Orizzontale;Sereno;Scarso;Buona;Sufficiente;0;0;0;1;;;-1;1;Autovettura privata;In marcia / fermata / arresto;Conducente;F;Illeso;0;;Non accertato;Inesistente
1830467;4;16/02/2010 08:00;Strada Urbana;VIALE ADRIATICO;in prossimità;;del civico n. ;79;;Scontro frontale/laterale SX fra veicoli in marcia;Rettilineo;Una carreggiata a senso unico di marcia;Bagnato (pioggia);Asfaltata;Verticale ed orizzontale;Pioggia in atto;Normale;Buona;Ore Diurne;0;0;0;1;;;-1;1;Autovettura privata;In marcia / fermata / arresto;Conducente;F;Illeso;0;;Non accertato;Inesistente
1830468;4;16/02/2010 10:45;Strada Urbana;VIA NOMENTANA;all'intersezione semaforizzata con;VIA GENERALE ROBERTO BENCIVENGA;VIA GENERALE ROBERTO BENCIVENGA;;;Scontro frontale fra veicoli in marcia;Incrocio;Una carreggiata a doppio senso;Bagnato (pioggia);Asfaltata;Verticale ed orizzontale;Pioggia in atto;Normale;Buona;Ore Diurne;4;0;0;3;;;-1;1;Autoambulanza in servizio;In marcia / fermata / arresto;Conducente;M;Illeso;0;;Esente;Inesistente
1830468;4;16/02/2010 10:45;Strada Urbana;VIA NOMENTANA;all'intersezione semaforizzata con;VIA GENERALE ROBERTO BENCIVENGA;VIA GENERALE ROBERTO BENCIVENGA;;;Scontro frontale fra veicoli in marcia;Incrocio;Una carreggiata a doppio senso;Bagnato (pioggia);Asfaltata;Verticale ed orizzontale;Pioggia in atto;Normale;Buona;Ore Diurne;4;0;0;3;;;-1;1;Autoambulanza in servizio;In marcia / fermata / arresto;Passeggero;M;Illeso;0;;Non accertato;Inesistente
1830468;4;16/02/2010 10:45;Strada Urbana;VIA NOMENTANA;all'intersezione semaforizzata con;VIA GENERALE ROBERTO BENCIVENGA;VIA GENERALE ROBERTO BENCIVENGA;;;Scontro frontale fra veicoli in marcia;Incrocio;Una carreggiata a doppio senso;Bagnato (pioggia);Asfaltata;Verticale ed orizzontale;Pioggia in atto;Normale;Buona;Ore Diurne;4;0;0;3;;;-1;1;Autoambulanza in servizio;In marcia / fermata / arresto;Passeggero;M;Illeso;0;;Non accertato;Inesistente
1830468;4;16/02/2010 10:45;Strada Urbana;VIA NOMENTANA;all'intersezione semaforizzata con;VIA GENERALE ROBERTO BENCIVENGA;VIA GENERALE ROBERTO BENCIVENGA;;;Scontro frontale fra veicoli in marcia;Incrocio;Una carreggiata a doppio senso;Bagnato (pioggia);Asfaltata;Verticale ed orizzontale;Pioggia in atto;Normale;Buona;Ore Diurne;4;0;0;3;;;-1;2;Autovettura privata;In marcia / fermata / arresto;Conducente;F;Rifiuta cure immediate;0;NON DECEDUTO;Non accertato;Inesistente
1830468;4;16/02/2010 10:45;Strada Urbana;VIA NOMENTANA;all'intersezione semaforizzata con;VIA GENERALE ROBERTO BENCIVENGA;VIA GENERALE ROBERTO BENCIVENGA;;;Scontro frontale fra veicoli in marcia;Incrocio;Una carreggiata a doppio senso;Bagnato (pioggia);Asfaltata;Verticale ed orizzontale;Pioggia in atto;Normale;Buona;Ore Diurne;4;0;0;3;;;-1;3;Autovettura privata;In marcia / fermata / arresto;Conducente;F;Rifiuta cure immediate;0;NON DECEDUTO;Non accertato;Inesistente
1830468;4;16/02/2010 10:45;Strada Urbana;VIA NOMENTANA;all'intersezione semaforizzata con;VIA GENERALE ROBERTO BENCIVENGA;VIA GENERALE ROBERTO BENCIVENGA;;;Scontro frontale fra veicoli in marcia;Incrocio;Una carreggiata a doppio senso;Bagnato (pioggia);Asfaltata;Verticale ed orizzontale;Pioggia in atto;Normale;Buona;Ore Diurne;4;0;0;3;;;-1;3;Autovettura privata;In marcia / fermata / arresto;Passeggero;M;Rifiuta cure immediate;0;NON DECEDUTO;Non accertato;Inesistente
1830468;4;16/02/2010 10:45;Strada Urbana;VIA NOMENTANA;all'intersezione semaforizzata con;VIA GENERALE ROBERTO BENCIVENGA;VIA GENERALE ROBERTO BENCIVENGA;;;Scontro frontale fra veicoli in marcia;Incrocio;Una carreggiata a doppio senso;Bagnato (pioggia);Asfaltata;Verticale ed orizzontale;Pioggia in atto;Normale;Buona;Ore Diurne;4;0;0;3;;;-1;4;Autovettura privata;In marcia / fermata / arresto;Conducente;M;Rifiuta cure immediate;0;NON DECEDUTO;Non accertato;Inesistente
1830469;4;16/02/2010 22:45;Strada Urbana;VIA SALARIA;all'intersezione semaforizzata con;RACCORDO SALARIO SETTEBAGNI;RACCORDO SALARIO SETTEBAGNI;;;Scontro frontale/laterale SX fra veicoli in marcia;Intersezione semaforizzata;Due carreggiate;Bagnato (pioggia);Asfaltata;Verticale ed orizzontale;Pioggia in atto;Scarso;Sufficiente;Sufficiente;1;0;0;1;;;-1;1;Autovettura privata;In marcia / fermata / arresto;Conducente;M;Illeso;0;;Utilizzato;Inesistente
1830469;4;16/02/2010 22:45;Strada Urbana;VIA SALARIA;all'intersezione semaforizzata con;RACCORDO SALARIO SETTEBAGNI;RACCORDO SALARIO SETTEBAGNI;;;Scontro frontale/laterale SX fra veicoli in marcia;Intersezione semaforizzata;Due carreggiate;Bagnato (pioggia);Asfaltata;Verticale ed orizzontale;Pioggia in atto;Scarso;Sufficiente;Sufficiente;1;0;0;1;;;-1;2;Autovettura privata;In marcia / fermata / arresto;Conducente;F;Rifiuta cure immediate;0;NON DECEDUTO;Non accertato;Inesistente
1830470;4;17/02/2010 00:10;Strada Urbana;PIAZZA CRATI;in prossimità;;del civico n. ;17;;Infortunio per sola frenata improvvisa;Rettilineo;Una carreggiata a senso unico di marcia;Bagnato (pioggia);Asfaltata;Verticale;Pioggia in atto;Scarso;Buona;Sufficiente;1;0;0;0;;;-1;1;Motociclo a solo;In marcia / fermata / arresto;Conducente;M;Rimandato;0;NON DECEDUTO;Non accertato;Inesistente
1830471;4;17/02/2010 12:30;Strada Urbana;VIALE CARNARO;all'intersezione con;PIAZZA ROCCIAMELONE;PIAZZA ROCCIAMELONE;;;Scontro frontale/laterale SX fra veicoli in marcia;Incrocio;Una carreggiata a senso unico di marcia;Bagnato (pioggia);Asfaltata;Verticale ed orizzontale;Nuvoloso;Scarso;Buona;Ore Diurne;0;0;0;2;;;-1;1;Motociclo a solo;In marcia / fermata / arresto;Conducente;M;Illeso;0;;Non accertato;Inesistente
1830471;4;17/02/2010 12:30;Strada Urbana;VIALE CARNARO;all'intersezione con;PIAZZA ROCCIAMELONE;PIAZZA ROCCIAMELONE;;;Scontro frontale/laterale SX fra veicoli in marcia;Incrocio;Una carreggiata a senso unico di marcia;Bagnato (pioggia);Asfaltata;Verticale ed orizzontale;Nuvoloso;Scarso;Buona;Ore Diurne;0;0;0;2;;;-1;2;Autovettura privata;In marcia / fermata / arresto;Conducente;M;Illeso;0;;Non accertato;Inesistente
1830472;4;17/02/2010 18:15;Provinciale entro l'abitato;VIA NOMENTANA;in corrispondenza;;del civico n. ;523;;Scontro laterale fra veicoli in marcia;Rettilineo;Più di due carreggiate;Bagnato (pioggia);Asfaltata;Verticale ed orizzontale;Pioggia in atto;Normale;Sufficiente;Sufficiente;1;0;0;2;;;-1;1;Motociclo a solo;In marcia / fermata / arresto;Conducente;F;Rifiuta cure immediate;0;NON DECEDUTO;Non accertato;Inesistente
1830472;4;17/02/2010 18:15;Provinciale entro l'abitato;VIA NOMENTANA;in corrispondenza;;del civico n. ;523;;Scontro laterale fra veicoli in marcia;Rettilineo;Più di due carreggiate;Bagnato (pioggia);Asfaltata;Verticale ed orizzontale;Pioggia in atto;Normale;Sufficiente;Sufficiente;1;0;0;2;;;-1;2;Autovettura privata;In marcia / fermata / arresto;Conducente;M;Illeso;0;;Non accertato;Inesistente
1830472;4;17/02/2010 18:15;Provinciale entro l'abitato;VIA NOMENTANA;in corrispondenza;;del civico n. ;523;;Scontro laterale fra veicoli in marcia;Rettilineo;Più di due carreggiate;Bagnato (pioggia);Asfaltata;Verticale ed orizzontale;Pioggia in atto;Normale;Sufficiente;Sufficiente;1;0;0;2;;;-1;2;Autovettura privata;In marcia / fermata / arresto;Passeggero;F;Illeso;0;;Non accertato;Inesistente
1830473;4;17/02/2010 18:50;Strada Urbana;VIA DELLA TENUTA REDICICOLI;da specificare;;;;altezza entrata centro commerciale Porta di Roma ;Scontro laterale fra veicoli in marcia;Curva a visuale libera;Una carreggiata a senso unico di marcia;Bagnato (pioggia);Asfaltata;Verticale ed orizzontale;Pioggia in atto;Intenso;Sufficiente;Sufficiente;0;0;0;3;;;-1;1;Autocarro inferiore 35 q.;In marcia / fermata / arresto;Conducente;M;Illeso;0;;Non accertato;Inesistente
1830473;4;17/02/2010 18:50;Strada Urbana;VIA DELLA TENUTA REDICICOLI;da specificare;;;;altezza entrata centro commerciale Porta di Roma ;Scontro laterale fra veicoli in marcia;Curva a visuale libera;Una carreggiata a senso unico di marcia;Bagnato (pioggia);Asfaltata;Verticale ed orizzontale;Pioggia in atto;Intenso;Sufficiente;Sufficiente;0;0;0;3;;;-1;1;Autocarro inferiore 35 q.;In marcia / fermata / arresto;Passeggero;M;Illeso;0;;Non accertato;Inesistente
1830473;4;17/02/2010 18:50;Strada Urbana;VIA DELLA TENUTA REDICICOLI;da specificare;;;;altezza entrata centro commerciale Porta di Roma ;Scontro laterale fra veicoli in marcia;Curva a visuale libera;Una carreggiata a senso unico di marcia;Bagnato (pioggia);Asfaltata;Verticale ed orizzontale;Pioggia in atto;Intenso;Sufficiente;Sufficiente;0;0;0;3;;;-1;2;Autovettura privata;In marcia / fermata / arresto;Conducente;F;Illeso;0;;Non accertato;Inesistente
1830474;5;15/02/2010 18:15;Strada Urbana;VIALE KANT;all'intersezione semaforizzata con;VIA GIOVANNI ZANARDINI;VIA GIOVANNI ZANARDINI;;;Scontro laterale fra veicoli in marcia;Intersezione semaforizzata;Due carreggiate;Asciutto;Asfaltata;Verticale ed orizzontale;Nuvoloso;Normale;Buona;Ore Diurne;0;0;0;2;;;-1;1;Autovettura privata;In marcia / fermata / arresto;Conducente;F;Illeso;0;;Non accertato;Inesistente
1830474;5;15/02/2010 18:15;Strada Urbana;VIALE KANT;all'intersezione semaforizzata con;VIA GIOVANNI ZANARDINI;VIA GIOVANNI ZANARDINI;;;Scontro laterale fra veicoli in marcia;Intersezione semaforizzata;Due carreggiate;Asciutto;Asfaltata;Verticale ed orizzontale;Nuvoloso;Normale;Buona;Ore Diurne;0;0;0;2;;;-1;2;Altro;In marcia / fermata / arresto;Conducente;M;Illeso;0;;Non accertato;Inesistente
1830475;5;19/02/2010 08:40;Strada Urbana;VIA GIUSEPPE ANTONIO ANDRIULLI;da specificare;;;;prossimità rampa discesa Autostrada A24 direzione ;Scontro laterale fra veicoli in marcia;Curva a visuale libera;Due carreggiate;Bagnato (pioggia);Asfaltata;Verticale ed orizzontale;Pioggia in atto;Intenso;Buona;Ore Diurne;0;0;0;2;;;-1;1;Autovettura privata;In marcia / fermata / arresto;Conducente;M;Illeso;0;;Non accertato;Inesistente
1830475;5;19/02/2010 08:40;Strada Urbana;VIA GIUSEPPE ANTONIO ANDRIULLI;da specificare;;;;prossimità rampa discesa Autostrada A24 direzione ;Scontro laterale fra veicoli in marcia;Curva a visuale libera;Due carreggiate;Bagnato (pioggia);Asfaltata;Verticale ed orizzontale;Pioggia in atto;Intenso;Buona;Ore Diurne;0;0;0;2;;;-1;2;Autocarro superiore 35 q.;In marcia / fermata / arresto;Conducente;M;Illeso;0;;Non accertato;Inesistente
1830496;9;26/02/2010 14:40;Strada Urbana;VIA TUSCOLANA;all'intersezione con;VIA DELL'ARCO DI TRAVERTINO;VIA DELL'ARCO DI TRAVERTINO;;;Tamponamento;Intersezione semaforizzata;Due carreggiate;Asciutto;Asfaltata;Verticale ed orizzontale;Sereno;Normale;Buona;Ore Diurne;1;0;0;1;;;0;1;Motociclo a solo;In marcia / fermata / arresto;Conducente;M;Rimandato;0;NON DECEDUTO;Non accertato;Inesistente
1830496;9;26/02/2010 14:40;Strada Urbana;VIA TUSCOLANA;all'intersezione con;VIA DELL'ARCO DI TRAVERTINO;VIA DELL'ARCO DI TRAVERTINO;;;Tamponamento;Intersezione semaforizzata;Due carreggiate;Asciutto;Asfaltata;Verticale ed orizzontale;Sereno;Normale;Buona;Ore Diurne;1;0;0;1;;;0;2;Autovettura privata;In marcia / fermata / arresto;Conducente;M;Illeso;0;;Non accertato;Inesploso
1830513;11;18/02/2010 15:40;Strada Urbana;VIA GABRIELLO CHIABRERA;in corrispondenza;;del civico n. ;50/A;;Scontro frontale fra veicoli in marcia;Rettilineo;Due carreggiate;Asciutto;Asfaltata;Verticale ed orizzontale;Sereno;Normale;Buona;Ore Diurne;0;0;0;2;;;-1;1;Autovettura privata;In marcia / fermata / arresto;Conducente;M;Illeso;0;;Non accertato;Inesistente
1830513;11;18/02/2010 15:40;Strada Urbana;VIA GABRIELLO CHIABRERA;in corrispondenza;;del civico n. ;50/A;;Scontro frontale fra veicoli in marcia;Rettilineo;Due carreggiate;Asciutto;Asfaltata;Verticale ed orizzontale;Sereno;Normale;Buona;Ore Diurne;0;0;0;2;;;-1;2;Autovettura privata;In marcia / fermata / arresto;Conducente;F;Illeso;0;;Non accertato;Inesistente
1830526;16;08/02/2010 12:45;Strada Urbana;VIA ROBERTO ALESSANDRI;all'intersezione con;VIA CASIMIRO MANASSEI;VIA CASIMIRO MANASSEI;;;Scontro frontale/laterale DX fra veicoli in marcia;Incrocio;Una carreggiata a doppio senso;Asciutto;Asfaltata;Verticale ed orizzontale;Sereno;Scarso;Buona;Ore Diurne;0;0;0;3;;;-1;1;Autocarro inferiore 35 q.;In marcia / fermata / arresto;Conducente;M;Illeso;0;;Non accertato;Inesistente
1830526;16;08/02/2010 12:45;Strada Urbana;VIA ROBERTO ALESSANDRI;all'intersezione con;VIA CASIMIRO MANASSEI;VIA CASIMIRO MANASSEI;;;Scontro frontale/laterale DX fra veicoli in marcia;Incrocio;Una carreggiata a doppio senso;Asciutto;Asfaltata;Verticale ed orizzontale;Sereno;Scarso;Buona;Ore Diurne;0;0;0;3;;;-1;1;Autocarro inferiore 35 q.;In marcia / fermata / arresto;Passeggero;M;Illeso;0;;Non accertato;Inesistente
1830526;16;08/02/2010 12:45;Strada Urbana;VIA ROBERTO ALESSANDRI;all'intersezione con;VIA CASIMIRO MANASSEI;VIA CASIMIRO MANASSEI;;;Scontro frontale/laterale DX fra veicoli in marcia;Incrocio;Una carreggiata a doppio senso;Asciutto;Asfaltata;Verticale ed orizzontale;Sereno;Scarso;Buona;Ore Diurne;0;0;0;3;;;-1;2;Ciclomotore;In marcia / fermata / arresto;Conducente;M;Illeso;0;;Non accertato;Inesistente
1830527;16;08/02/2010 16:00;Strada Urbana;CIRCONVALLAZIONE GIANICOLENSE;da specificare;;;;in prossimità di via del Forte Bravetta ;Veicolo in marcia contro ostacolo accidentale;Rettilineo;Una carreggiata a senso unico di marcia;Asciutto;Asfaltata;Verticale ed orizzontale;Sereno;Normale;Buona;Ore Diurne;0;0;0;1;;;-1;1;Autovettura privata;In marcia / fermata / arresto;Conducente;M;Illeso;0;;Non accertato;Inesistente
1830530;17;12/02/2010 19:15;Strada Urbana;VIALE ANGELICO;all'intersezione semaforizzata con;VIA DURAZZO;VIA DURAZZO;;;Scontro laterale fra veicoli in marcia;Incrocio;Due carreggiate;Bagnato (umidità in atto);Asfaltata;Verticale ed orizzontale;Sereno;Normale;Sufficiente;Sufficiente;0;0;0;2;;;-1;1;Autovettura privata;In marcia / fermata / arresto;Conducente;F;Illeso;0;;Non utilizzato;Inesistente
1830530;17;12/02/2010 19:15;Strada Urbana;VIALE ANGELICO;all'intersezione semaforizzata con;VIA DURAZZO;VIA DURAZZO;;;Scontro laterale fra veicoli in marcia;Incrocio;Due carreggiate;Bagnato (umidità in atto);Asfaltata;Verticale ed orizzontale;Sereno;Normale;Sufficiente;Sufficiente;0;0;0;2;;;-1;2;Ciclomotore;In marcia / fermata / arresto;Conducente;M;Illeso;0;;Non accertato;Inesistente
1830531;17;12/02/2010 22:30;Strada Urbana;VIA DARDANELLI;in corrispondenza;;del civico n. ;9;;Veicolo in marcia contro veicolo fermo;Rettilineo;Due carreggiate;Bagnato (brina);Asfaltata;Assente;Sereno;Normale;Buona;Sufficiente;0;0;0;2;;;-1;1;Autovettura privata;In marcia / fermata / arresto;Conducente;F;Illeso;0;;Utilizzato;Inesistente
1830531;17;12/02/2010 22:30;Strada Urbana;VIA DARDANELLI;in corrispondenza;;del civico n. ;9;;Veicolo in marcia contro veicolo fermo;Rettilineo;Due carreggiate;Bagnato (brina);Asfaltata;Assente;Sereno;Normale;Buona;Sufficiente;0;0;0;2;;;-1;1;Autovettura privata;In marcia / fermata / arresto;Passeggero;F;Illeso;0;;Non accertato;Inesistente
1830532;17;15/02/2010 15:20;Strada Urbana;VIA MONTE ZEBIO;in prossimità;;del civico n. ;33;;Infortunio per sola frenata improvvisa;Rettilineo;Due carreggiate;Bagnato (pioggia);Asfaltata;Verticale ed orizzontale;Nuvoloso;Normale;Buona;Ore Diurne;0;0;0;1;;;-1;1;Autovettura privata;In marcia / fermata / arresto;Conducente;F;Illeso;0;;Non accertato;Inesploso
1830550;4;18/02/2010 06:30;Strada Urbana;VIA EMILIO PRAGA;in prossimità;;del civico n. ;38;;Veicolo in marcia contro veicoli fermi;Rettilineo;Una carreggiata a senso unico di marcia;Bagnato (pioggia);Asfaltata;Assente;Pioggia in atto;Scarso;Buona;Ore Diurne;0;0;0;1;;;-1;1;Autovettura privata;In marcia / fermata / arresto;Conducente;M;Illeso;0;;Non accertato;Inesistente
1830551;4;18/02/2010 07:50;Strada Urbana;VIA MAIELLA;in prossimità;;del civico n. ;25;;Investimento di pedone;Rettilineo;Una carreggiata a senso unico di marcia;Bagnato (pioggia);Asfaltata;Verticale ed orizzontale;Nuvoloso;Normale;Buona;Ore Diurne;1;0;0;1;;;-1;;;;Pedone;F;Rifiuta cure immediate;0;NON DECEDUTO;;
1830551;4;18/02/2010 07:50;Strada Urbana;VIA MAIELLA;in prossimità;;del civico n. ;25;;Investimento di pedone;Rettilineo;Una carreggiata a senso unico di marcia;Bagnato (pioggia);Asfaltata;Verticale ed orizzontale;Nuvoloso;Normale;Buona;Ore Diurne;1;0;0;1;;;-1;1;Autocarro inferiore 35 q.;In marcia / fermata / arresto;Conducente;M;Illeso;0;;Non accertato;Inesistente
1830552;4;18/02/2010 12:30;Strada Urbana;VIALE CARMELO BENE;all'intersezione semaforizzata con;VIA PUPELLA MAGGIO;VIA PUPELLA MAGGIO;;;Scontro frontale/laterale SX fra veicoli in marcia;Intersezione semaforizzata;Più di due carreggiate;Asciutto;Asfaltata;Verticale ed orizzontale;Sereno;Normale;Buona;Ore Diurne;0;0;0;4;;;-1;1;Autovettura privata;In marcia / fermata / arresto;Conducente;F;Illeso;0;;Non accertato;Inesistente